<?xml version = '1.0' encoding = 'UTF-8'?>
<Table class="oracle.dbtools.crest.model.design.relational.Table" directorySegmentName="seg_0" id="027BEDE8-B823-B156-C191-FD10D225E186" name="VEH_AUTO">
<createdBy>nicolas</createdBy>
<createdTime>2024-09-16 01:41:53 UTC</createdTime>
<generatorID>3BFFA6B9-97D7-F828-E02F-AB6CADCFE89D</generatorID>
<ownerDesignName>Exp2_S6</ownerDesignName>
<allowColumnReorder>false</allowColumnReorder>
<existDependencyGenerateInDDl>true</existDependencyGenerateInDDl>
<parsed>true</parsed>
<columns itemClass="oracle.dbtools.crest.model.design.relational.Column">
<Column name="patente" id="1AC4AC21-164D-E8A6-1E20-79907BD111FF">
<createdBy>nicolas</createdBy>
<createdTime>2024-09-16 01:41:53 UTC</createdTime>
<generatorID>49A0C9A2-F05E-A793-F032-0B0F1004C48A</generatorID>
<ownerDesignName>Exp2_S6</ownerDesignName>
<useDomainConstraints>false</useDomainConstraints>
<use>1</use>
<logicalDatatype>LOGDT025</logicalDatatype>
<dataTypeSize>6 CHAR</dataTypeSize>
<ownDataTypeParameters>,,</ownDataTypeParameters>
<autoIncrementCycle>false</autoIncrementCycle>
<associations>
<colAssociation fkAssociation="C35F5D35-AE23-5E6F-D0DC-95AAC8260584" referredColumn="64B1D73B-9033-5C11-9797-10256FA4022A"/>
</associations>
</Column>
<Column name="cant_puertas" id="ED5AE920-3EC0-2A42-6360-0BD81F13FCCB">
<createdBy>nicolas</createdBy>
<createdTime>2024-09-16 01:41:53 UTC</createdTime>
<generatorID>DAF644F9-FEBD-10A1-2CB1-14C55AE55C9B</generatorID>
<ownerDesignName>Exp2_S6</ownerDesignName>
<useDomainConstraints>false</useDomainConstraints>
<use>1</use>
<logicalDatatype>LOGDT019</logicalDatatype>
<dataTypePrecision>1</dataTypePrecision>
<ownDataTypeParameters>,1,</ownDataTypeParameters>
<autoIncrementCycle>false</autoIncrementCycle>
</Column>
<Column name="carroseria" id="654177B7-8549-9C1C-EC15-73284A018339">
<createdBy>nicolas</createdBy>
<createdTime>2024-09-16 01:41:53 UTC</createdTime>
<generatorID>855FDA36-95E0-6EA6-AD04-61217AF4B29C</generatorID>
<ownerDesignName>Exp2_S6</ownerDesignName>
<useDomainConstraints>false</useDomainConstraints>
<use>1</use>
<logicalDatatype>LOGDT024</logicalDatatype>
<dataTypeSize>10 BYTE</dataTypeSize>
<ownDataTypeParameters>10 BYTE,,</ownDataTypeParameters>
<autoIncrementCycle>false</autoIncrementCycle>
</Column>
</columns>
<indexes itemClass="oracle.dbtools.crest.model.design.relational.Index">
<ind_PK_UK id="E7ED39F5-5A99-2B17-6E3A-D789F4F42165" name="VEH_AUTO_PK">
<createdBy>nicolas</createdBy>
<createdTime>2024-09-16 01:41:53 UTC</createdTime>
<generatorID>F2E8EC3B-29DC-4A71-F5A3-3D9FDBA88EBF</generatorID>
<ownerDesignName>Exp2_S6</ownerDesignName>
<pk>true</pk>
<indexState>Primary Constraint</indexState>
<isSurrogateKey>false</isSurrogateKey>
<indexColumnUsage>
<colUsage columnID="1AC4AC21-164D-E8A6-1E20-79907BD111FF"/>
</indexColumnUsage>
</ind_PK_UK>
<ind_PK_UK id="9DA56C3C-49AB-CA8B-ABEF-9577CF031583" name="VEH_AUTO_VEHICULO_FK">
<createdBy>nicolas</createdBy>
<createdTime>2024-09-16 01:41:53 UTC</createdTime>
<generatorID>8F4033A2-5E23-8E32-5C6E-377B8E13BFCE</generatorID>
<ownerDesignName>Exp2_S6</ownerDesignName>
<indexState>Foreign Key</indexState>
<isSurrogateKey>false</isSurrogateKey>
<indexColumnUsage>
<colUsage columnID="1AC4AC21-164D-E8A6-1E20-79907BD111FF"/>
</indexColumnUsage>
</ind_PK_UK>
</indexes>
</Table>