<?xml version = '1.0' encoding = 'UTF-8'?>
<Table class="oracle.dbtools.crest.model.design.relational.Table" directorySegmentName="seg_0" id="031D37E1-BBED-1DFC-249C-C3CA32299055" name="VEH_MOTO">
<createdBy>nicolas</createdBy>
<createdTime>2024-09-16 01:41:53 UTC</createdTime>
<generatorID>537343AA-EE9F-DECF-DE73-7FBE6CA70D1A</generatorID>
<ownerDesignName>Exp2_S6</ownerDesignName>
<allowColumnReorder>false</allowColumnReorder>
<existDependencyGenerateInDDl>true</existDependencyGenerateInDDl>
<parsed>true</parsed>
<columns itemClass="oracle.dbtools.crest.model.design.relational.Column">
<Column name="patente" id="9A1BD37A-E4C8-6DFB-2AE6-15476B4E2573">
<createdBy>nicolas</createdBy>
<createdTime>2024-09-16 01:41:53 UTC</createdTime>
<generatorID>49A0C9A2-F05E-A793-F032-0B0F1004C48A</generatorID>
<ownerDesignName>Exp2_S6</ownerDesignName>
<useDomainConstraints>false</useDomainConstraints>
<use>1</use>
<logicalDatatype>LOGDT025</logicalDatatype>
<dataTypeSize>6 CHAR</dataTypeSize>
<ownDataTypeParameters>,,</ownDataTypeParameters>
<autoIncrementCycle>false</autoIncrementCycle>
<associations>
<colAssociation fkAssociation="34FA166D-F6E6-39EC-4726-37218EFF385E" referredColumn="64B1D73B-9033-5C11-9797-10256FA4022A"/>
</associations>
</Column>
<Column name="cilindrada" id="E659E94A-38FF-F154-9A7F-73805A6CE5DA">
<createdBy>nicolas</createdBy>
<createdTime>2024-09-16 01:41:53 UTC</createdTime>
<generatorID>BD01C983-B405-A645-95EA-F50BD73BA721</generatorID>
<ownerDesignName>Exp2_S6</ownerDesignName>
<useDomainConstraints>false</useDomainConstraints>
<use>1</use>
<logicalDatatype>LOGDT019</logicalDatatype>
<dataTypePrecision>4</dataTypePrecision>
<ownDataTypeParameters>,4,</ownDataTypeParameters>
<autoIncrementCycle>false</autoIncrementCycle>
</Column>
<Column name="tipo" id="0FD777E8-7268-2B80-E776-FF75ADCF9AED">
<createdBy>nicolas</createdBy>
<createdTime>2024-09-16 01:41:53 UTC</createdTime>
<generatorID>D0DCC9A4-848A-7473-4832-02836E4D960D</generatorID>
<ownerDesignName>Exp2_S6</ownerDesignName>
<useDomainConstraints>false</useDomainConstraints>
<use>1</use>
<logicalDatatype>LOGDT024</logicalDatatype>
<dataTypeSize>10</dataTypeSize>
<ownDataTypeParameters>10,,</ownDataTypeParameters>
<autoIncrementCycle>false</autoIncrementCycle>
</Column>
</columns>
<indexes itemClass="oracle.dbtools.crest.model.design.relational.Index">
<ind_PK_UK id="9602EEFB-E930-9CD6-2179-CB143A8ECB42" name="VEH_MOTO_PK">
<createdBy>nicolas</createdBy>
<createdTime>2024-09-16 01:41:53 UTC</createdTime>
<generatorID>F2E8EC3B-29DC-4A71-F5A3-3D9FDBA88EBF</generatorID>
<ownerDesignName>Exp2_S6</ownerDesignName>
<pk>true</pk>
<indexState>Primary Constraint</indexState>
<isSurrogateKey>false</isSurrogateKey>
<indexColumnUsage>
<colUsage columnID="9A1BD37A-E4C8-6DFB-2AE6-15476B4E2573"/>
</indexColumnUsage>
</ind_PK_UK>
<ind_PK_UK id="F37C6570-C0AE-5A0B-A880-EF3EA7826AE5" name="VEH_MOTO_VEHICULO_FK">
<createdBy>nicolas</createdBy>
<createdTime>2024-09-16 01:41:53 UTC</createdTime>
<generatorID>6ACDEAE8-AEDE-D904-F780-3203A4DB26B1</generatorID>
<ownerDesignName>Exp2_S6</ownerDesignName>
<indexState>Foreign Key</indexState>
<isSurrogateKey>false</isSurrogateKey>
<indexColumnUsage>
<colUsage columnID="9A1BD37A-E4C8-6DFB-2AE6-15476B4E2573"/>
</indexColumnUsage>
</ind_PK_UK>
</indexes>
</Table>