<?xml version = '1.0' encoding = 'UTF-8'?>
<Table class="oracle.dbtools.crest.model.design.relational.Table" directorySegmentName="seg_0" id="263DD194-2569-D69F-BF76-E1612A9AF42D" name="MANO_OBRA">
<createdBy>nicolas</createdBy>
<createdTime>2024-09-16 01:41:52 UTC</createdTime>
<generatorID>A1969570-D3A2-A54C-CC3A-0E0A1E64DB21</generatorID>
<ownerDesignName>Exp2_S6</ownerDesignName>
<allowColumnReorder>false</allowColumnReorder>
<existDependencyGenerateInDDl>true</existDependencyGenerateInDDl>
<parsed>true</parsed>
<columns itemClass="oracle.dbtools.crest.model.design.relational.Column">
<Column name="cod_obra" id="5A296C5A-3E83-D9A6-76D2-0A7DA62B9744">
<createdBy>nicolas</createdBy>
<createdTime>2024-09-16 01:41:52 UTC</createdTime>
<generatorID>B55E6754-640C-73B9-D142-2104F9E8CBF1</generatorID>
<ownerDesignName>Exp2_S6</ownerDesignName>
<useDomainConstraints>false</useDomainConstraints>
<use>1</use>
<logicalDatatype>LOGDT025</logicalDatatype>
<dataTypeSize>10 BYTE</dataTypeSize>
<ownDataTypeParameters>10 BYTE,,</ownDataTypeParameters>
<autoIncrementCycle>false</autoIncrementCycle>
</Column>
<Column name="hrs_hombre" id="48588FAD-AF17-2CE6-AD2D-1C6E2D8C5507">
<createdBy>nicolas</createdBy>
<createdTime>2024-09-16 01:41:52 UTC</createdTime>
<generatorID>33BF4FFF-BAB5-5120-04B3-DC52A9B14D64</generatorID>
<ownerDesignName>Exp2_S6</ownerDesignName>
<useDomainConstraints>false</useDomainConstraints>
<use>1</use>
<logicalDatatype>LOGDT019</logicalDatatype>
<dataTypePrecision>3</dataTypePrecision>
<ownDataTypeParameters>,3,</ownDataTypeParameters>
<autoIncrementCycle>false</autoIncrementCycle>
</Column>
<Column name="RESUMEN_SERVICIO_cod_resumen" id="6A62060A-D5BA-7E3A-FE85-FB24674C5680">
<createdBy>nicolas</createdBy>
<createdTime>2024-09-16 01:41:52 UTC</createdTime>
<generatorID>65A2BDF9-F6C2-9F98-A02C-1CC17CCBACDE</generatorID>
<ownerDesignName>Exp2_S6</ownerDesignName>
<useDomainConstraints>false</useDomainConstraints>
<use>1</use>
<logicalDatatype>LOGDT025</logicalDatatype>
<dataTypeSize>10 BYTE</dataTypeSize>
<ownDataTypeParameters>,,</ownDataTypeParameters>
<previousColumn>false</previousColumn>
<autoIncrementCycle>false</autoIncrementCycle>
<associations>
<colAssociation fkAssociation="4C60E528-A33A-7F3E-B9B3-8B3D68286B35" referredColumn="BE4162FE-5711-71E5-D84F-A97F6D168A17"/>
</associations>
</Column>
</columns>
<indexes itemClass="oracle.dbtools.crest.model.design.relational.Index">
<ind_PK_UK id="FF5C2232-9EC1-A16B-785A-1A2CE7023046" name="MANO_OBRA_PK">
<createdBy>nicolas</createdBy>
<createdTime>2024-09-16 01:41:52 UTC</createdTime>
<generatorID>0E05EA5F-85F2-6AE4-3936-5212B11802C5</generatorID>
<ownerDesignName>Exp2_S6</ownerDesignName>
<pk>true</pk>
<indexState>Primary Constraint</indexState>
<isSurrogateKey>false</isSurrogateKey>
<indexColumnUsage>
<colUsage columnID="5A296C5A-3E83-D9A6-76D2-0A7DA62B9744"/>
</indexColumnUsage>
</ind_PK_UK>
<ind_PK_UK id="C438E3CC-BC5E-BD9D-5993-F57E334D776E" name="MANO_OBRA__IDX">
<createdBy>nicolas</createdBy>
<createdTime>2024-09-16 01:41:53 UTC</createdTime>
<ownerDesignName>Exp2_S6</ownerDesignName>
<indexState>Unique Plain Index</indexState>
<isSurrogateKey>false</isSurrogateKey>
<relationGeneratorID>4AA910A3-A788-A482-13D9-2ABF1127BAC5</relationGeneratorID>
<indexColumnUsage>
<colUsage columnID="6A62060A-D5BA-7E3A-FE85-FB24674C5680"/>
</indexColumnUsage>
</ind_PK_UK>
<ind_PK_UK id="3E6F6322-3E08-FF93-5A99-D6C05AF744BF" name="MANO_OBRA_RESUMEN_SERVICIO_FK">
<createdBy>nicolas</createdBy>
<createdTime>2024-09-16 01:41:53 UTC</createdTime>
<generatorID>4AA910A3-A788-A482-13D9-2ABF1127BAC5</generatorID>
<ownerDesignName>Exp2_S6</ownerDesignName>
<indexState>Foreign Key</indexState>
<isSurrogateKey>false</isSurrogateKey>
<indexColumnUsage>
<colUsage columnID="6A62060A-D5BA-7E3A-FE85-FB24674C5680"/>
</indexColumnUsage>
</ind_PK_UK>
</indexes>
</Table>