<?xml version = '1.0' encoding = 'UTF-8'?>
<Table class="oracle.dbtools.crest.model.design.relational.Table" directorySegmentName="seg_0" id="3172C932-71A7-B861-AF19-CD34FE7F4559" name="COMUNA">
<createdBy>nicolas</createdBy>
<createdTime>2024-09-16 01:41:52 UTC</createdTime>
<generatorID>0CC33CA1-B756-FFB3-4189-339AA04CD0B1</generatorID>
<ownerDesignName>Exp2_S6</ownerDesignName>
<allowColumnReorder>false</allowColumnReorder>
<existDependencyGenerateInDDl>true</existDependencyGenerateInDDl>
<parsed>true</parsed>
<columns itemClass="oracle.dbtools.crest.model.design.relational.Column">
<Column name="cod_comuna" id="9D1B2AE8-5B1F-7DC1-BC9C-6B91CEBD9B80">
<createdBy>nicolas</createdBy>
<createdTime>2024-09-16 01:41:52 UTC</createdTime>
<generatorID>9B20D103-589D-4D3A-1C1F-C8096D399AF6</generatorID>
<ownerDesignName>Exp2_S6</ownerDesignName>
<useDomainConstraints>false</useDomainConstraints>
<use>1</use>
<logicalDatatype>LOGDT025</logicalDatatype>
<dataTypeSize>10 BYTE</dataTypeSize>
<ownDataTypeParameters>10 BYTE,,</ownDataTypeParameters>
<autoIncrementCycle>false</autoIncrementCycle>
</Column>
<Column name="nombre" id="5E0C5C37-BDB9-5675-BEC9-D33B1DF50152">
<createdBy>nicolas</createdBy>
<createdTime>2024-09-16 01:41:52 UTC</createdTime>
<generatorID>2F82700B-34E8-084A-B4B9-D315D4AC6250</generatorID>
<ownerDesignName>Exp2_S6</ownerDesignName>
<useDomainConstraints>false</useDomainConstraints>
<use>1</use>
<logicalDatatype>LOGDT024</logicalDatatype>
<dataTypeSize>25 BYTE</dataTypeSize>
<ownDataTypeParameters>25 BYTE,,</ownDataTypeParameters>
<autoIncrementCycle>false</autoIncrementCycle>
</Column>
</columns>
<indexes itemClass="oracle.dbtools.crest.model.design.relational.Index">
<ind_PK_UK id="481D1B75-BDA1-4AB6-04E5-AA2E127F27F4" name="COMUNA_PK">
<createdBy>nicolas</createdBy>
<createdTime>2024-09-16 01:41:52 UTC</createdTime>
<generatorID>2555B08D-E394-4140-7ED4-A43785686457</generatorID>
<ownerDesignName>Exp2_S6</ownerDesignName>
<pk>true</pk>
<indexState>Primary Constraint</indexState>
<isSurrogateKey>false</isSurrogateKey>
<indexColumnUsage>
<colUsage columnID="9D1B2AE8-5B1F-7DC1-BC9C-6B91CEBD9B80"/>
</indexColumnUsage>
</ind_PK_UK>
</indexes>
</Table>