<?xml version = '1.0' encoding = 'UTF-8'?>
<Table class="oracle.dbtools.crest.model.design.relational.Table" directorySegmentName="seg_0" id="3C181536-88C9-993A-96D8-5C1D1FDE87AC" name="DETALLE_ORDEN">
<createdBy>nicolas</createdBy>
<createdTime>2024-09-16 01:41:52 UTC</createdTime>
<generatorID>3234C225-FAFD-AB3E-8B3B-9A62A1FA61EF</generatorID>
<ownerDesignName>Exp2_S6</ownerDesignName>
<allowColumnReorder>false</allowColumnReorder>
<existDependencyGenerateInDDl>true</existDependencyGenerateInDDl>
<parsed>true</parsed>
<columns itemClass="oracle.dbtools.crest.model.design.relational.Column">
<Column name="cod_detalle" id="474EF686-5E93-4D1F-C042-E8448C8E69A1">
<createdBy>nicolas</createdBy>
<createdTime>2024-09-16 01:41:52 UTC</createdTime>
<generatorID>8EBDD203-3262-2D72-2BD2-FEDD3A03FC11</generatorID>
<ownerDesignName>Exp2_S6</ownerDesignName>
<useDomainConstraints>false</useDomainConstraints>
<use>1</use>
<logicalDatatype>LOGDT025</logicalDatatype>
<dataTypeSize>10 BYTE</dataTypeSize>
<ownDataTypeParameters>10 BYTE,,</ownDataTypeParameters>
<autoIncrementCycle>false</autoIncrementCycle>
</Column>
<Column name="total_parcial" id="457F0B42-23E5-5253-2A23-4A5DADAD6900">
<createdBy>nicolas</createdBy>
<createdTime>2024-09-16 01:41:52 UTC</createdTime>
<generatorID>3625D055-E41E-4F2E-3D26-754358070BE0</generatorID>
<ownerDesignName>Exp2_S6</ownerDesignName>
<useDomainConstraints>false</useDomainConstraints>
<use>1</use>
<logicalDatatype>LOGDT019</logicalDatatype>
<dataTypePrecision>7</dataTypePrecision>
<ownDataTypeParameters>,7,</ownDataTypeParameters>
<autoIncrementCycle>false</autoIncrementCycle>
</Column>
<Column name="ORDEN_cod_orden" id="57297494-4DA8-5861-CA60-5A1FA0BE1E90">
<createdBy>nicolas</createdBy>
<createdTime>2024-09-16 01:41:52 UTC</createdTime>
<generatorID>795896D5-A703-9C78-13F9-44D8504D828C</generatorID>
<ownerDesignName>Exp2_S6</ownerDesignName>
<nullsAllowed>true</nullsAllowed>
<useDomainConstraints>false</useDomainConstraints>
<use>1</use>
<logicalDatatype>LOGDT025</logicalDatatype>
<dataTypeSize>10 BYTE</dataTypeSize>
<ownDataTypeParameters>,,</ownDataTypeParameters>
<previousColumn>false</previousColumn>
<autoIncrementCycle>false</autoIncrementCycle>
<associations>
<colAssociation fkAssociation="0044CBB9-8E5F-BC49-A190-2FFCC8F2715D" referredColumn="0063CABE-539D-2990-B957-E24BF61A95B3"/>
</associations>
</Column>
<Column name="SERVICIO_cod_servicio" id="5955226D-0FE2-EC2B-27BE-5E982945F274">
<createdBy>nicolas</createdBy>
<createdTime>2024-09-16 01:41:52 UTC</createdTime>
<generatorID>D5ED956D-E7FB-CBD2-7099-D5A005C8A01E</generatorID>
<ownerDesignName>Exp2_S6</ownerDesignName>
<useDomainConstraints>false</useDomainConstraints>
<use>1</use>
<logicalDatatype>LOGDT025</logicalDatatype>
<dataTypeSize>10 BYTE</dataTypeSize>
<ownDataTypeParameters>,,</ownDataTypeParameters>
<previousColumn>false</previousColumn>
<autoIncrementCycle>false</autoIncrementCycle>
<associations>
<colAssociation fkAssociation="5E38A456-9AD6-587E-281E-791069B9E75A" referredColumn="781908C4-1A08-3287-1F48-B72A076AE526"/>
</associations>
</Column>
</columns>
<indexes itemClass="oracle.dbtools.crest.model.design.relational.Index">
<ind_PK_UK id="D944293D-1118-DF99-87B6-19F5B444426B" name="DETALLE_ORDEN_PK">
<createdBy>nicolas</createdBy>
<createdTime>2024-09-16 01:41:52 UTC</createdTime>
<generatorID>DA733FB6-4D5B-94D1-F4E8-170D2EC03BD2</generatorID>
<ownerDesignName>Exp2_S6</ownerDesignName>
<pk>true</pk>
<indexState>Primary Constraint</indexState>
<isSurrogateKey>false</isSurrogateKey>
<indexColumnUsage>
<colUsage columnID="474EF686-5E93-4D1F-C042-E8448C8E69A1"/>
</indexColumnUsage>
</ind_PK_UK>
<ind_PK_UK id="955CF673-D88F-7689-7C1E-E4D65A076766" name="DETALLE_ORDEN_ORDEN_FK">
<createdBy>nicolas</createdBy>
<createdTime>2024-09-16 01:41:53 UTC</createdTime>
<generatorID>23132C47-5A45-3AC2-6474-D4DCAA798D85</generatorID>
<ownerDesignName>Exp2_S6</ownerDesignName>
<indexState>Foreign Key</indexState>
<isSurrogateKey>false</isSurrogateKey>
<indexColumnUsage>
<colUsage columnID="57297494-4DA8-5861-CA60-5A1FA0BE1E90"/>
</indexColumnUsage>
</ind_PK_UK>
<ind_PK_UK id="D4DC35DD-F73F-D0F3-3C57-A300E4AB13D8" name="DETALLE_ORDEN_SERVICIO_FK">
<createdBy>nicolas</createdBy>
<createdTime>2024-09-16 01:41:53 UTC</createdTime>
<generatorID>6AE44D2F-3686-2321-F6B1-C67FA08C08D7</generatorID>
<ownerDesignName>Exp2_S6</ownerDesignName>
<indexState>Foreign Key</indexState>
<isSurrogateKey>false</isSurrogateKey>
<indexColumnUsage>
<colUsage columnID="5955226D-0FE2-EC2B-27BE-5E982945F274"/>
</indexColumnUsage>
</ind_PK_UK>
</indexes>
</Table>