<?xml version = '1.0' encoding = 'UTF-8'?>
<Table class="oracle.dbtools.crest.model.design.relational.Table" directorySegmentName="seg_0" id="4FE463D8-B073-2EBE-8C08-6F65B338CB43" name="RESUMEN_SERVICIO">
<createdBy>nicolas</createdBy>
<createdTime>2024-09-16 01:41:53 UTC</createdTime>
<generatorID>3A641872-7D7F-5EAC-4D7E-4B91D6D01721</generatorID>
<ownerDesignName>Exp2_S6</ownerDesignName>
<allowColumnReorder>false</allowColumnReorder>
<existDependencyGenerateInDDl>true</existDependencyGenerateInDDl>
<parsed>true</parsed>
<columns itemClass="oracle.dbtools.crest.model.design.relational.Column">
<Column name="cod_resumen" id="BE4162FE-5711-71E5-D84F-A97F6D168A17">
<createdBy>nicolas</createdBy>
<createdTime>2024-09-16 01:41:53 UTC</createdTime>
<generatorID>3993E3DE-2212-BEF1-D01E-C159A0828C97</generatorID>
<ownerDesignName>Exp2_S6</ownerDesignName>
<useDomainConstraints>false</useDomainConstraints>
<use>1</use>
<logicalDatatype>LOGDT025</logicalDatatype>
<dataTypeSize>10 BYTE</dataTypeSize>
<ownDataTypeParameters>10 BYTE,,</ownDataTypeParameters>
<autoIncrementCycle>false</autoIncrementCycle>
</Column>
<Column name="monto_parcial" id="569E2661-830D-315C-73B1-10A85C521B6E">
<createdBy>nicolas</createdBy>
<createdTime>2024-09-16 01:41:53 UTC</createdTime>
<generatorID>87FAD8D1-56E6-918E-5857-3FECF836790F</generatorID>
<ownerDesignName>Exp2_S6</ownerDesignName>
<useDomainConstraints>false</useDomainConstraints>
<use>1</use>
<logicalDatatype>LOGDT019</logicalDatatype>
<dataTypePrecision>7</dataTypePrecision>
<ownDataTypeParameters>,7,</ownDataTypeParameters>
<autoIncrementCycle>false</autoIncrementCycle>
</Column>
<Column name="REPUESTO_cod_repuesto" id="EEFD4865-2A93-F2E8-538A-A12A1D01DE2D">
<createdBy>nicolas</createdBy>
<createdTime>2024-09-16 01:41:53 UTC</createdTime>
<generatorID>9C11BDED-1220-2660-BA7E-67FBCA65B6E4</generatorID>
<ownerDesignName>Exp2_S6</ownerDesignName>
<nullsAllowed>true</nullsAllowed>
<useDomainConstraints>false</useDomainConstraints>
<use>1</use>
<logicalDatatype>LOGDT025</logicalDatatype>
<dataTypeSize>10 BYTE</dataTypeSize>
<ownDataTypeParameters>,,</ownDataTypeParameters>
<previousColumn>false</previousColumn>
<autoIncrementCycle>false</autoIncrementCycle>
<associations>
<colAssociation fkAssociation="676ECD1F-D0B1-6D8C-5B90-46CD688365B3" referredColumn="BDA38F0E-BE7B-EDC3-4C02-C8653FED0E1E"/>
</associations>
</Column>
<Column name="MANO_OBRA_cod_obra" id="CAC1DEC7-0923-7DD8-C034-0D6DE23AED5E">
<createdBy>nicolas</createdBy>
<createdTime>2024-09-16 01:41:53 UTC</createdTime>
<generatorID>48D49437-A4D6-C88A-6583-C6CA6B5EDB47</generatorID>
<ownerDesignName>Exp2_S6</ownerDesignName>
<useDomainConstraints>false</useDomainConstraints>
<use>1</use>
<logicalDatatype>LOGDT025</logicalDatatype>
<dataTypeSize>10 BYTE</dataTypeSize>
<ownDataTypeParameters>,,</ownDataTypeParameters>
<previousColumn>false</previousColumn>
<autoIncrementCycle>false</autoIncrementCycle>
<associations>
<colAssociation fkAssociation="1AB39C12-4D51-CB42-0998-8A4AE7DEAACB" referredColumn="5A296C5A-3E83-D9A6-76D2-0A7DA62B9744"/>
</associations>
</Column>
</columns>
<indexes itemClass="oracle.dbtools.crest.model.design.relational.Index">
<ind_PK_UK id="BB9251E1-31BD-4A1C-C0D8-87024A301CA1" name="RESUMEN_SERVICIO_PK">
<createdBy>nicolas</createdBy>
<createdTime>2024-09-16 01:41:53 UTC</createdTime>
<generatorID>0DA6597D-A9CB-EA37-3279-C84D1EB08DAA</generatorID>
<ownerDesignName>Exp2_S6</ownerDesignName>
<pk>true</pk>
<indexState>Primary Constraint</indexState>
<isSurrogateKey>false</isSurrogateKey>
<indexColumnUsage>
<colUsage columnID="BE4162FE-5711-71E5-D84F-A97F6D168A17"/>
</indexColumnUsage>
</ind_PK_UK>
<ind_PK_UK id="287FF4CE-913C-8989-40D4-B3D36C4B74C3" name="RESUMEN_SERVICIO__IDX">
<createdBy>nicolas</createdBy>
<createdTime>2024-09-16 01:41:53 UTC</createdTime>
<ownerDesignName>Exp2_S6</ownerDesignName>
<indexState>Unique Plain Index</indexState>
<isSurrogateKey>false</isSurrogateKey>
<relationGeneratorID>4AA910A3-A788-A482-13D9-2ABF1127BAC5</relationGeneratorID>
<indexColumnUsage>
<colUsage columnID="CAC1DEC7-0923-7DD8-C034-0D6DE23AED5E"/>
</indexColumnUsage>
</ind_PK_UK>
<ind_PK_UK id="A956BFEA-91D4-D950-B941-8A270F093291" name="RESUMEN_SERVICIO_REPUESTO_FK">
<createdBy>nicolas</createdBy>
<createdTime>2024-09-16 01:41:53 UTC</createdTime>
<generatorID>625D7FDB-0D26-2E08-4ADB-86F4ACC476C3</generatorID>
<ownerDesignName>Exp2_S6</ownerDesignName>
<indexState>Foreign Key</indexState>
<isSurrogateKey>false</isSurrogateKey>
<indexColumnUsage>
<colUsage columnID="EEFD4865-2A93-F2E8-538A-A12A1D01DE2D"/>
</indexColumnUsage>
</ind_PK_UK>
<ind_PK_UK id="72530F78-D1E4-2D15-3D60-5B9AEB765D77" name="RESUMEN_SERVICIO_MANO_OBRA_FK">
<createdBy>nicolas</createdBy>
<createdTime>2024-09-16 01:41:53 UTC</createdTime>
<generatorID>4AA910A3-A788-A482-13D9-2ABF1127BAC5</generatorID>
<ownerDesignName>Exp2_S6</ownerDesignName>
<indexState>Foreign Key</indexState>
<isSurrogateKey>false</isSurrogateKey>
<indexColumnUsage>
<colUsage columnID="CAC1DEC7-0923-7DD8-C034-0D6DE23AED5E"/>
</indexColumnUsage>
</ind_PK_UK>
</indexes>
</Table>