<?xml version = '1.0' encoding = 'UTF-8'?>
<Table class="oracle.dbtools.crest.model.design.relational.Table" directorySegmentName="seg_0" id="9E089174-32F1-8C1D-9A64-031C485F3591" name="ESTADO">
<createdBy>nicolas</createdBy>
<createdTime>2024-09-16 01:41:52 UTC</createdTime>
<generatorID>EF79863F-6470-2250-FD61-8F335F92B3DA</generatorID>
<ownerDesignName>Exp2_S6</ownerDesignName>
<allowColumnReorder>false</allowColumnReorder>
<existDependencyGenerateInDDl>true</existDependencyGenerateInDDl>
<parsed>true</parsed>
<columns itemClass="oracle.dbtools.crest.model.design.relational.Column">
<Column name="cod_estado" id="8D13292E-AADC-C1B5-5B96-A27A2178185A">
<createdBy>nicolas</createdBy>
<createdTime>2024-09-16 01:41:52 UTC</createdTime>
<generatorID>A3BA996F-9867-0D8F-2B15-32676AC81FC3</generatorID>
<ownerDesignName>Exp2_S6</ownerDesignName>
<useDomainConstraints>false</useDomainConstraints>
<use>1</use>
<logicalDatatype>LOGDT025</logicalDatatype>
<dataTypeSize>10 BYTE</dataTypeSize>
<ownDataTypeParameters>10 BYTE,,</ownDataTypeParameters>
<autoIncrementCycle>false</autoIncrementCycle>
</Column>
<Column name="estado" id="0595A780-63CA-A6A0-546E-F9B65435C452">
<createdBy>nicolas</createdBy>
<createdTime>2024-09-16 01:41:52 UTC</createdTime>
<generatorID>FB39556A-DA93-3C9C-E9AE-7E5F6E02B875</generatorID>
<ownerDesignName>Exp2_S6</ownerDesignName>
<useDomainConstraints>false</useDomainConstraints>
<use>1</use>
<logicalDatatype>LOGDT025</logicalDatatype>
<dataTypeSize>3 BYTE</dataTypeSize>
<ownDataTypeParameters>3 BYTE,,</ownDataTypeParameters>
<autoIncrementCycle>false</autoIncrementCycle>
</Column>
<Column name="SEGUIMIENTO_cod_seguimiento" id="B0F81581-ED4F-3EF2-09C6-F9098770BEEE">
<createdBy>nicolas</createdBy>
<createdTime>2024-09-16 01:41:52 UTC</createdTime>
<generatorID>53854D2D-219C-68E6-9A50-DA338FB10443</generatorID>
<ownerDesignName>Exp2_S6</ownerDesignName>
<useDomainConstraints>false</useDomainConstraints>
<use>1</use>
<logicalDatatype>LOGDT025</logicalDatatype>
<dataTypeSize>10 BYTE</dataTypeSize>
<ownDataTypeParameters>,,</ownDataTypeParameters>
<previousColumn>false</previousColumn>
<autoIncrementCycle>false</autoIncrementCycle>
<associations>
<colAssociation fkAssociation="1F2A4189-2C6A-F6C2-7038-68EC2BD0B572" referredColumn="B9387131-4206-4D5B-2F04-2F1DAD853582"/>
</associations>
</Column>
</columns>
<indexes itemClass="oracle.dbtools.crest.model.design.relational.Index">
<ind_PK_UK id="722757D4-3927-B7D6-5596-2F1BEAB518DD" name="ESTADO_PK">
<createdBy>nicolas</createdBy>
<createdTime>2024-09-16 01:41:52 UTC</createdTime>
<generatorID>2094B3F1-159A-1FDB-1871-642D779FC5C3</generatorID>
<ownerDesignName>Exp2_S6</ownerDesignName>
<pk>true</pk>
<indexState>Primary Constraint</indexState>
<isSurrogateKey>false</isSurrogateKey>
<indexColumnUsage>
<colUsage columnID="8D13292E-AADC-C1B5-5B96-A27A2178185A"/>
</indexColumnUsage>
</ind_PK_UK>
<ind_PK_UK id="BF27E227-CAF8-3033-7764-324890EEE1D7" name="ESTADO_SEGUIMIENTO_FK">
<createdBy>nicolas</createdBy>
<createdTime>2024-09-16 01:41:53 UTC</createdTime>
<generatorID>2A44DEB7-9D6B-3CBA-CEB6-2F15185A9C40</generatorID>
<ownerDesignName>Exp2_S6</ownerDesignName>
<indexState>Foreign Key</indexState>
<isSurrogateKey>false</isSurrogateKey>
<indexColumnUsage>
<colUsage columnID="B0F81581-ED4F-3EF2-09C6-F9098770BEEE"/>
</indexColumnUsage>
</ind_PK_UK>
</indexes>
</Table>