<?xml version = '1.0' encoding = 'UTF-8'?>
<Table class="oracle.dbtools.crest.model.design.relational.Table" directorySegmentName="seg_0" id="AA484B4B-FC26-67F8-674A-D3FE206A700F" name="VALIDACION">
<createdBy>nicolas</createdBy>
<createdTime>2024-09-16 01:41:53 UTC</createdTime>
<generatorID>5C9FA850-7DF7-37D5-F3E9-4B5BD218B176</generatorID>
<ownerDesignName>Exp2_S6</ownerDesignName>
<allowColumnReorder>false</allowColumnReorder>
<existDependencyGenerateInDDl>true</existDependencyGenerateInDDl>
<parsed>true</parsed>
<columns itemClass="oracle.dbtools.crest.model.design.relational.Column">
<Column name="cod_validacion" id="D801CAD4-C837-B4E2-D271-326F253222C8">
<createdBy>nicolas</createdBy>
<createdTime>2024-09-16 01:41:53 UTC</createdTime>
<generatorID>DB088334-87DB-D40F-8C8B-E9BABD525570</generatorID>
<ownerDesignName>Exp2_S6</ownerDesignName>
<useDomainConstraints>false</useDomainConstraints>
<use>1</use>
<logicalDatatype>LOGDT025</logicalDatatype>
<dataTypeSize>10 BYTE</dataTypeSize>
<ownDataTypeParameters>10 BYTE,,</ownDataTypeParameters>
<autoIncrementCycle>false</autoIncrementCycle>
</Column>
<Column name="fecha" id="1145FFFA-3893-241E-F94C-CF0221E01F43">
<createdBy>nicolas</createdBy>
<createdTime>2024-09-16 01:41:53 UTC</createdTime>
<generatorID>C71F50DF-09B9-DD33-CB45-D324A61F72F5</generatorID>
<ownerDesignName>Exp2_S6</ownerDesignName>
<useDomainConstraints>false</useDomainConstraints>
<use>1</use>
<logicalDatatype>LOGDT007</logicalDatatype>
<ownDataTypeParameters>,,</ownDataTypeParameters>
<autoIncrementCycle>false</autoIncrementCycle>
</Column>
<Column name="comentario" id="7D872418-0F06-A025-CF08-51A39B77331F">
<createdBy>nicolas</createdBy>
<createdTime>2024-09-16 01:41:53 UTC</createdTime>
<generatorID>06F5CF0F-08F2-DCF1-1248-87F203616AFB</generatorID>
<ownerDesignName>Exp2_S6</ownerDesignName>
<useDomainConstraints>false</useDomainConstraints>
<use>1</use>
<logicalDatatype>LOGDT024</logicalDatatype>
<dataTypeSize>100 BYTE</dataTypeSize>
<ownDataTypeParameters>100 BYTE,,</ownDataTypeParameters>
<autoIncrementCycle>false</autoIncrementCycle>
</Column>
<Column name="DETALLE_ORDEN_cod_detalle" id="502C42F8-69CE-7587-BB5B-4C0913BD03A8">
<createdBy>nicolas</createdBy>
<createdTime>2024-09-16 01:41:53 UTC</createdTime>
<generatorID>E2B726F8-ABBE-776D-E03B-B24AE4B36326</generatorID>
<ownerDesignName>Exp2_S6</ownerDesignName>
<useDomainConstraints>false</useDomainConstraints>
<use>1</use>
<logicalDatatype>LOGDT025</logicalDatatype>
<dataTypeSize>10 BYTE</dataTypeSize>
<ownDataTypeParameters>,,</ownDataTypeParameters>
<previousColumn>false</previousColumn>
<autoIncrementCycle>false</autoIncrementCycle>
<associations>
<colAssociation fkAssociation="1AB49B6E-1242-66E0-B3FF-350EA61D2939" referredColumn="474EF686-5E93-4D1F-C042-E8448C8E69A1"/>
</associations>
</Column>
</columns>
<indexes itemClass="oracle.dbtools.crest.model.design.relational.Index">
<ind_PK_UK id="F19CC25B-1786-016C-9671-1F4A8E870FA6" name="VALIDACION_PK">
<createdBy>nicolas</createdBy>
<createdTime>2024-09-16 01:41:53 UTC</createdTime>
<generatorID>BB5D5D33-C6E4-8500-1972-462F47E882A2</generatorID>
<ownerDesignName>Exp2_S6</ownerDesignName>
<pk>true</pk>
<indexState>Primary Constraint</indexState>
<isSurrogateKey>false</isSurrogateKey>
<indexColumnUsage>
<colUsage columnID="D801CAD4-C837-B4E2-D271-326F253222C8"/>
</indexColumnUsage>
</ind_PK_UK>
<ind_PK_UK id="1E1590F0-49A6-D712-8650-E30A743CC420" name="VALIDACION__IDX">
<createdBy>nicolas</createdBy>
<createdTime>2024-09-16 01:41:53 UTC</createdTime>
<ownerDesignName>Exp2_S6</ownerDesignName>
<indexState>Unique Plain Index</indexState>
<isSurrogateKey>false</isSurrogateKey>
<relationGeneratorID>992CA19B-8A74-3CE3-C56B-6CC019F95CFA</relationGeneratorID>
<indexColumnUsage>
<colUsage columnID="502C42F8-69CE-7587-BB5B-4C0913BD03A8"/>
</indexColumnUsage>
</ind_PK_UK>
<ind_PK_UK id="042961FC-F0A0-F203-C17B-FE2550FF3339" name="VALIDACION_DETALLE_ORDEN_FK">
<createdBy>nicolas</createdBy>
<createdTime>2024-09-16 01:41:53 UTC</createdTime>
<generatorID>992CA19B-8A74-3CE3-C56B-6CC019F95CFA</generatorID>
<ownerDesignName>Exp2_S6</ownerDesignName>
<indexState>Foreign Key</indexState>
<isSurrogateKey>false</isSurrogateKey>
<indexColumnUsage>
<colUsage columnID="502C42F8-69CE-7587-BB5B-4C0913BD03A8"/>
</indexColumnUsage>
</ind_PK_UK>
</indexes>
</Table>