<?xml version = '1.0' encoding = 'UTF-8'?>
<Table class="oracle.dbtools.crest.model.design.relational.Table" directorySegmentName="seg_0" id="B1F96C35-4898-8DD4-8403-681BEEAF7553" name="ORDEN">
<createdBy>nicolas</createdBy>
<createdTime>2024-09-16 01:41:52 UTC</createdTime>
<generatorID>696402CA-6AF3-A7D7-2086-4AD4D2C172BD</generatorID>
<ownerDesignName>Exp2_S6</ownerDesignName>
<allowColumnReorder>false</allowColumnReorder>
<existDependencyGenerateInDDl>true</existDependencyGenerateInDDl>
<parsed>true</parsed>
<columns itemClass="oracle.dbtools.crest.model.design.relational.Column">
<Column name="cod_orden" id="0063CABE-539D-2990-B957-E24BF61A95B3">
<createdBy>nicolas</createdBy>
<createdTime>2024-09-16 01:41:52 UTC</createdTime>
<generatorID>FBE1FCD4-F84B-C4CB-B554-08E313B29B9B</generatorID>
<ownerDesignName>Exp2_S6</ownerDesignName>
<useDomainConstraints>false</useDomainConstraints>
<use>1</use>
<logicalDatatype>LOGDT025</logicalDatatype>
<dataTypeSize>10 BYTE</dataTypeSize>
<ownDataTypeParameters>10 BYTE,,</ownDataTypeParameters>
<autoIncrementCycle>false</autoIncrementCycle>
</Column>
<Column name="fecha_ingreso" id="329E5931-A391-D7F9-B82E-A989BF38C074">
<createdBy>nicolas</createdBy>
<createdTime>2024-09-16 01:41:52 UTC</createdTime>
<generatorID>8451A9DD-B18B-673C-6372-8D3C259BBB5E</generatorID>
<ownerDesignName>Exp2_S6</ownerDesignName>
<useDomainConstraints>false</useDomainConstraints>
<use>1</use>
<logicalDatatype>LOGDT007</logicalDatatype>
<ownDataTypeParameters>,,</ownDataTypeParameters>
<autoIncrementCycle>false</autoIncrementCycle>
</Column>
<Column name="VEHICULO_patente" id="57A44B72-E03D-0765-E2F4-6D434E2BF1AC">
<createdBy>nicolas</createdBy>
<createdTime>2024-09-16 01:41:52 UTC</createdTime>
<generatorID>61D9D31E-0F1D-35BC-A5BE-6532ECE1932A</generatorID>
<ownerDesignName>Exp2_S6</ownerDesignName>
<useDomainConstraints>false</useDomainConstraints>
<use>1</use>
<logicalDatatype>LOGDT025</logicalDatatype>
<dataTypeSize>6 CHAR</dataTypeSize>
<ownDataTypeParameters>,,</ownDataTypeParameters>
<previousColumn>false</previousColumn>
<autoIncrementCycle>false</autoIncrementCycle>
<associations>
<colAssociation fkAssociation="71F54676-E1EB-6ED0-BCAC-1119952A5F7F" referredColumn="64B1D73B-9033-5C11-9797-10256FA4022A"/>
</associations>
</Column>
</columns>
<indexes itemClass="oracle.dbtools.crest.model.design.relational.Index">
<ind_PK_UK id="A1C945FC-80FB-3797-6319-1CAB5D6B2EE4" name="ORDEN_PK">
<createdBy>nicolas</createdBy>
<createdTime>2024-09-16 01:41:52 UTC</createdTime>
<generatorID>A7778CFB-3614-48B8-C943-08D5A78C6355</generatorID>
<ownerDesignName>Exp2_S6</ownerDesignName>
<pk>true</pk>
<indexState>Primary Constraint</indexState>
<isSurrogateKey>false</isSurrogateKey>
<indexColumnUsage>
<colUsage columnID="0063CABE-539D-2990-B957-E24BF61A95B3"/>
</indexColumnUsage>
</ind_PK_UK>
<ind_PK_UK id="71D84908-37B8-FE70-720F-10148E32AC1E" name="ORDEN_VEHICULO_FK">
<createdBy>nicolas</createdBy>
<createdTime>2024-09-16 01:41:53 UTC</createdTime>
<generatorID>FB5B52B1-9D71-D3D0-10C1-EFC249B87747</generatorID>
<ownerDesignName>Exp2_S6</ownerDesignName>
<indexState>Foreign Key</indexState>
<isSurrogateKey>false</isSurrogateKey>
<indexColumnUsage>
<colUsage columnID="57A44B72-E03D-0765-E2F4-6D434E2BF1AC"/>
</indexColumnUsage>
</ind_PK_UK>
</indexes>
</Table>