<?xml version = '1.0' encoding = 'UTF-8'?>
<Table class="oracle.dbtools.crest.model.design.relational.Table" directorySegmentName="seg_0" id="BC1BBF99-A5FA-8066-221F-55A0EA24854B" name="DIRECCION">
<createdBy>nicolas</createdBy>
<createdTime>2024-09-16 01:41:52 UTC</createdTime>
<generatorID>DE261E74-91E3-FC0B-1EC6-CE14711BF22E</generatorID>
<ownerDesignName>Exp2_S6</ownerDesignName>
<allowColumnReorder>false</allowColumnReorder>
<existDependencyGenerateInDDl>true</existDependencyGenerateInDDl>
<parsed>true</parsed>
<columns itemClass="oracle.dbtools.crest.model.design.relational.Column">
<Column name="cod_direccion" id="C6701E40-5F53-5DBD-02C4-6DAE407ADE35">
<createdBy>nicolas</createdBy>
<createdTime>2024-09-16 01:41:52 UTC</createdTime>
<generatorID>D9A40573-D47F-DB6A-E7B6-45CE3BA618F6</generatorID>
<ownerDesignName>Exp2_S6</ownerDesignName>
<useDomainConstraints>false</useDomainConstraints>
<use>1</use>
<logicalDatatype>LOGDT025</logicalDatatype>
<dataTypeSize>10 BYTE</dataTypeSize>
<ownDataTypeParameters>10 BYTE,,</ownDataTypeParameters>
<autoIncrementCycle>false</autoIncrementCycle>
</Column>
<Column name="calle" id="541C6525-D1B2-7FBF-DB83-37D23192AB56">
<createdBy>nicolas</createdBy>
<createdTime>2024-09-16 01:41:52 UTC</createdTime>
<generatorID>73AD5E22-1F2B-5026-6E48-2CB3E634EB55</generatorID>
<ownerDesignName>Exp2_S6</ownerDesignName>
<useDomainConstraints>false</useDomainConstraints>
<use>1</use>
<logicalDatatype>LOGDT024</logicalDatatype>
<dataTypeSize>36 BYTE</dataTypeSize>
<ownDataTypeParameters>36 BYTE,,</ownDataTypeParameters>
<autoIncrementCycle>false</autoIncrementCycle>
</Column>
<Column name="numero" id="8CFD7753-523B-9BFF-67CF-51C789788D4A">
<createdBy>nicolas</createdBy>
<createdTime>2024-09-16 01:41:52 UTC</createdTime>
<generatorID>C6BFBB68-F9B8-543C-6F2A-21DDF048082C</generatorID>
<ownerDesignName>Exp2_S6</ownerDesignName>
<useDomainConstraints>false</useDomainConstraints>
<use>1</use>
<logicalDatatype>LOGDT025</logicalDatatype>
<dataTypeSize>6 BYTE</dataTypeSize>
<ownDataTypeParameters>6 BYTE,,</ownDataTypeParameters>
<autoIncrementCycle>false</autoIncrementCycle>
</Column>
<Column name="CLIENTE_rut" id="740834C6-B2DA-BE4D-2654-09491272EF7C">
<createdBy>nicolas</createdBy>
<createdTime>2024-09-16 01:41:52 UTC</createdTime>
<generatorID>541C3D41-CAA9-C41A-0764-E5D4D5C557A4</generatorID>
<ownerDesignName>Exp2_S6</ownerDesignName>
<useDomainConstraints>false</useDomainConstraints>
<use>1</use>
<logicalDatatype>LOGDT025</logicalDatatype>
<dataTypeSize>9 BYTE</dataTypeSize>
<ownDataTypeParameters>,,</ownDataTypeParameters>
<previousColumn>false</previousColumn>
<autoIncrementCycle>false</autoIncrementCycle>
<associations>
<colAssociation fkAssociation="A75C5C6F-3839-A082-D8D0-1CC7EDB05C49" referredColumn="9A4D5B5F-DAA7-D588-2D66-1B2CA0C1B907"/>
</associations>
</Column>
<Column name="COMUNA_cod_comuna" id="476EDF67-4FDB-0239-57BD-0FE3D73B3DF9">
<createdBy>nicolas</createdBy>
<createdTime>2024-09-16 01:41:52 UTC</createdTime>
<generatorID>1D9D3FBE-6B09-FB86-9241-5B921434B486</generatorID>
<ownerDesignName>Exp2_S6</ownerDesignName>
<useDomainConstraints>false</useDomainConstraints>
<use>1</use>
<logicalDatatype>LOGDT025</logicalDatatype>
<dataTypeSize>10 BYTE</dataTypeSize>
<ownDataTypeParameters>,,</ownDataTypeParameters>
<previousColumn>false</previousColumn>
<autoIncrementCycle>false</autoIncrementCycle>
<associations>
<colAssociation fkAssociation="4B5762DA-F58E-6407-D7DB-5B862F8F45ED" referredColumn="9D1B2AE8-5B1F-7DC1-BC9C-6B91CEBD9B80"/>
</associations>
</Column>
</columns>
<indexes itemClass="oracle.dbtools.crest.model.design.relational.Index">
<ind_PK_UK id="04451135-896A-DACE-17CB-597540C6761A" name="DIRECCION_PK">
<createdBy>nicolas</createdBy>
<createdTime>2024-09-16 01:41:52 UTC</createdTime>
<generatorID>63C8ABB6-F80B-F056-F2A4-9AEEFE2D4CF1</generatorID>
<ownerDesignName>Exp2_S6</ownerDesignName>
<pk>true</pk>
<indexState>Primary Constraint</indexState>
<isSurrogateKey>false</isSurrogateKey>
<indexColumnUsage>
<colUsage columnID="C6701E40-5F53-5DBD-02C4-6DAE407ADE35"/>
</indexColumnUsage>
</ind_PK_UK>
<ind_PK_UK id="422D8481-2004-70AB-C90C-6C24293F017D" name="DIRECCION__IDX">
<createdBy>nicolas</createdBy>
<createdTime>2024-09-16 01:41:53 UTC</createdTime>
<ownerDesignName>Exp2_S6</ownerDesignName>
<indexState>Unique Plain Index</indexState>
<isSurrogateKey>false</isSurrogateKey>
<relationGeneratorID>D8742625-11AE-B469-2694-93ABD5232C12</relationGeneratorID>
<indexColumnUsage>
<colUsage columnID="740834C6-B2DA-BE4D-2654-09491272EF7C"/>
</indexColumnUsage>
</ind_PK_UK>
<ind_PK_UK id="0F34EC04-DFB7-C59F-FA1E-5AA4E1386921" name="DIRECCION_CLIENTE_FK">
<createdBy>nicolas</createdBy>
<createdTime>2024-09-16 01:41:53 UTC</createdTime>
<generatorID>D8742625-11AE-B469-2694-93ABD5232C12</generatorID>
<ownerDesignName>Exp2_S6</ownerDesignName>
<indexState>Foreign Key</indexState>
<isSurrogateKey>false</isSurrogateKey>
<indexColumnUsage>
<colUsage columnID="740834C6-B2DA-BE4D-2654-09491272EF7C"/>
</indexColumnUsage>
</ind_PK_UK>
<ind_PK_UK id="42B1CBCB-178F-9CBC-73A2-2DCACF428F0B" name="DIRECCION_COMUNA_FK">
<createdBy>nicolas</createdBy>
<createdTime>2024-09-16 01:41:53 UTC</createdTime>
<generatorID>68BB430F-882C-A96E-E88A-20C37A75F74D</generatorID>
<ownerDesignName>Exp2_S6</ownerDesignName>
<indexState>Foreign Key</indexState>
<isSurrogateKey>false</isSurrogateKey>
<indexColumnUsage>
<colUsage columnID="476EDF67-4FDB-0239-57BD-0FE3D73B3DF9"/>
</indexColumnUsage>
</ind_PK_UK>
</indexes>
</Table>