<?xml version = '1.0' encoding = 'UTF-8'?>
<Table class="oracle.dbtools.crest.model.design.relational.Table" directorySegmentName="seg_0" id="C8B290FA-F330-6409-1E25-18059F9C9BBA" name="CLIENTE">
<createdBy>nicolas</createdBy>
<createdTime>2024-09-16 01:41:52 UTC</createdTime>
<generatorID>3D10B7D5-F260-A0AE-586D-6E4B9E1B89DF</generatorID>
<ownerDesignName>Exp2_S6</ownerDesignName>
<allowColumnReorder>false</allowColumnReorder>
<existDependencyGenerateInDDl>true</existDependencyGenerateInDDl>
<parsed>true</parsed>
<columns itemClass="oracle.dbtools.crest.model.design.relational.Column">
<Column name="rut" id="9A4D5B5F-DAA7-D588-2D66-1B2CA0C1B907">
<createdBy>nicolas</createdBy>
<createdTime>2024-09-16 01:41:52 UTC</createdTime>
<generatorID>5E1AD386-A280-1244-3090-BD10EE9B2873</generatorID>
<ownerDesignName>Exp2_S6</ownerDesignName>
<useDomainConstraints>false</useDomainConstraints>
<use>1</use>
<logicalDatatype>LOGDT025</logicalDatatype>
<dataTypeSize>9 BYTE</dataTypeSize>
<ownDataTypeParameters>9 BYTE,,</ownDataTypeParameters>
<autoIncrementCycle>false</autoIncrementCycle>
</Column>
<Column name="nombre" id="2E9ECFBA-32FA-2131-F1F9-B918105E7AEC">
<createdBy>nicolas</createdBy>
<createdTime>2024-09-16 01:41:52 UTC</createdTime>
<generatorID>4ABAC3C8-C0E4-6FE4-B41B-C9FE5550F924</generatorID>
<ownerDesignName>Exp2_S6</ownerDesignName>
<useDomainConstraints>false</useDomainConstraints>
<use>1</use>
<logicalDatatype>LOGDT024</logicalDatatype>
<dataTypeSize>15 BYTE</dataTypeSize>
<ownDataTypeParameters>15 BYTE,,</ownDataTypeParameters>
<autoIncrementCycle>false</autoIncrementCycle>
</Column>
<Column name="segundo_nombre" id="CCA3AECE-A67B-08EE-D59B-DD2BD51D0F9A">
<createdBy>nicolas</createdBy>
<createdTime>2024-09-16 01:41:52 UTC</createdTime>
<generatorID>91CD1C12-3425-3D7E-2B26-3F7F5AA2DB38</generatorID>
<ownerDesignName>Exp2_S6</ownerDesignName>
<nullsAllowed>true</nullsAllowed>
<useDomainConstraints>false</useDomainConstraints>
<use>1</use>
<logicalDatatype>LOGDT024</logicalDatatype>
<dataTypeSize>15 BYTE</dataTypeSize>
<ownDataTypeParameters>15 BYTE,,</ownDataTypeParameters>
<autoIncrementCycle>false</autoIncrementCycle>
</Column>
<Column name="apellido" id="475A3E84-F62E-37E9-9BC0-AE7C40E0AB77">
<createdBy>nicolas</createdBy>
<createdTime>2024-09-16 01:41:52 UTC</createdTime>
<generatorID>1C792F63-62B3-91AE-B263-2A1E7BAE4056</generatorID>
<ownerDesignName>Exp2_S6</ownerDesignName>
<useDomainConstraints>false</useDomainConstraints>
<use>1</use>
<logicalDatatype>LOGDT024</logicalDatatype>
<dataTypeSize>15 BYTE</dataTypeSize>
<ownDataTypeParameters>15 BYTE,,</ownDataTypeParameters>
<autoIncrementCycle>false</autoIncrementCycle>
</Column>
<Column name="segundo_apellido" id="8B0FAA98-63DA-945C-9977-7159FB8828C7">
<createdBy>nicolas</createdBy>
<createdTime>2024-09-16 01:41:52 UTC</createdTime>
<generatorID>4EA4138B-E6F5-5728-CDC7-3A9AA4B1E37F</generatorID>
<ownerDesignName>Exp2_S6</ownerDesignName>
<nullsAllowed>true</nullsAllowed>
<useDomainConstraints>false</useDomainConstraints>
<use>1</use>
<logicalDatatype>LOGDT024</logicalDatatype>
<dataTypeSize>15 BYTE</dataTypeSize>
<ownDataTypeParameters>15 BYTE,,</ownDataTypeParameters>
<autoIncrementCycle>false</autoIncrementCycle>
</Column>
<Column name="telefono" id="06BDC58E-1449-8E0C-19E5-63E6FCD994F0">
<createdBy>nicolas</createdBy>
<createdTime>2024-09-16 01:41:52 UTC</createdTime>
<generatorID>8557F0F5-2E2D-2263-2B53-2D4C02DB41A3</generatorID>
<ownerDesignName>Exp2_S6</ownerDesignName>
<useDomainConstraints>false</useDomainConstraints>
<use>1</use>
<logicalDatatype>LOGDT019</logicalDatatype>
<dataTypePrecision>9</dataTypePrecision>
<ownDataTypeParameters>,9,</ownDataTypeParameters>
<autoIncrementCycle>false</autoIncrementCycle>
</Column>
<Column name="correo" id="30BE0240-8DEC-C695-EE08-B1F6D42808E8">
<createdBy>nicolas</createdBy>
<createdTime>2024-09-16 01:41:52 UTC</createdTime>
<generatorID>245C968E-8E3D-257F-1202-B465E26C691E</generatorID>
<ownerDesignName>Exp2_S6</ownerDesignName>
<useDomainConstraints>false</useDomainConstraints>
<use>1</use>
<logicalDatatype>LOGDT024</logicalDatatype>
<dataTypeSize>25 BYTE</dataTypeSize>
<ownDataTypeParameters>25 BYTE,,</ownDataTypeParameters>
<autoIncrementCycle>false</autoIncrementCycle>
</Column>
<Column name="DIRECCION_cod_direccion" id="04D5C304-A2E5-2B4B-CA51-C9FA90252ED4">
<createdBy>nicolas</createdBy>
<createdTime>2024-09-16 01:41:52 UTC</createdTime>
<generatorID>8B407A0E-322C-6AF5-FD17-1DD103101C65</generatorID>
<ownerDesignName>Exp2_S6</ownerDesignName>
<useDomainConstraints>false</useDomainConstraints>
<use>1</use>
<logicalDatatype>LOGDT025</logicalDatatype>
<dataTypeSize>10 BYTE</dataTypeSize>
<ownDataTypeParameters>,,</ownDataTypeParameters>
<previousColumn>false</previousColumn>
<autoIncrementCycle>false</autoIncrementCycle>
<associations>
<colAssociation fkAssociation="3B16F732-C413-776B-3F4F-D1925F68038B" referredColumn="C6701E40-5F53-5DBD-02C4-6DAE407ADE35"/>
</associations>
</Column>
</columns>
<indexes itemClass="oracle.dbtools.crest.model.design.relational.Index">
<ind_PK_UK id="48FC290C-CC2C-80CC-318D-015743BC4FDB" name="CLIENTE_PK">
<createdBy>nicolas</createdBy>
<createdTime>2024-09-16 01:41:52 UTC</createdTime>
<generatorID>A68E02BA-E835-7408-FE5C-B81E3ADEC789</generatorID>
<ownerDesignName>Exp2_S6</ownerDesignName>
<pk>true</pk>
<indexState>Primary Constraint</indexState>
<isSurrogateKey>false</isSurrogateKey>
<indexColumnUsage>
<colUsage columnID="9A4D5B5F-DAA7-D588-2D66-1B2CA0C1B907"/>
</indexColumnUsage>
</ind_PK_UK>
<ind_PK_UK id="E6581AAD-980D-E53D-3AAD-39867AC88583" name="CLIENTE__IDX">
<createdBy>nicolas</createdBy>
<createdTime>2024-09-16 01:41:53 UTC</createdTime>
<ownerDesignName>Exp2_S6</ownerDesignName>
<indexState>Unique Plain Index</indexState>
<isSurrogateKey>false</isSurrogateKey>
<relationGeneratorID>D8742625-11AE-B469-2694-93ABD5232C12</relationGeneratorID>
<indexColumnUsage>
<colUsage columnID="04D5C304-A2E5-2B4B-CA51-C9FA90252ED4"/>
</indexColumnUsage>
</ind_PK_UK>
<ind_PK_UK id="8606C33C-4902-2F1D-592C-3D0FBB002FBC" name="CLIENTE_DIRECCION_FK">
<createdBy>nicolas</createdBy>
<createdTime>2024-09-16 01:41:53 UTC</createdTime>
<generatorID>D8742625-11AE-B469-2694-93ABD5232C12</generatorID>
<ownerDesignName>Exp2_S6</ownerDesignName>
<indexState>Foreign Key</indexState>
<isSurrogateKey>false</isSurrogateKey>
<indexColumnUsage>
<colUsage columnID="04D5C304-A2E5-2B4B-CA51-C9FA90252ED4"/>
</indexColumnUsage>
</ind_PK_UK>
</indexes>
</Table>