<?xml version = '1.0' encoding = 'UTF-8'?>
<FKArc class="oracle.dbtools.crest.model.design.relational.FKArc" directorySegmentName="seg_0" id="0DC5549D-6706-EA52-E915-F8BCBAB4622F" name="ARCO_VEHICULO">
<createdBy>nicolas</createdBy>
<createdTime>2024-09-16 01:41:53 UTC</createdTime>
<ownerDesignName>Exp2_S6</ownerDesignName>
<mandatory>false</mandatory>
<reverseArc>true</reverseArc>
<table>E314D756-1734-CCAA-E6DE-57C431421048</table>
<discriminatorColumn>6FCF6B1E-B8E7-CA49-57D5-780EAB1F9EE6</discriminatorColumn>
<fkeys>
<fkeyID>C35F5D35-AE23-5E6F-D0DC-95AAC8260584</fkeyID>
<fkeyID>34FA166D-F6E6-39EC-4726-37218EFF385E</fkeyID>
</fkeys>
</FKArc>