<?xml version = '1.0' encoding = 'UTF-8'?>
<Diagram class="oracle.dbtools.crest.swingui.logical.DPVLogical" name="Logical" id="EBD92DF0-11B3-A7FE-AF8B-DE5C06CDBE71">
<createdBy>nicolas</createdBy>
<modifiedBy>nicolas</modifiedBy>
<createdTime>2024-09-15 23:14:09 UTC</createdTime>
<autoRoute>false</autoRoute>
<boxInbox>true</boxInbox>
<showLegend>false</showLegend>
<showLabels>false</showLabels>
<showRelAttributes>false</showRelAttributes>
<gridEnabled>true</gridEnabled>
<showGrid>true</showGrid>
<diagramColor>-1</diagramColor>
<display>false</display>
<notation>1</notation>
<objectViews>
<OView class="oracle.dbtools.crest.swingui.logical.TVEntity" oid="0CC33CA1-B756-FFB3-4189-339AA04CD0B1" otype="Entity" vid="4B6B6CBA-B8DB-B0B3-56E8-0F2996841A1E">
<hideElementsInCurrentOnly>false</hideElementsInCurrentOnly>
<bounds x="150" y="600" width="221" height="81"/>
</OView>
<OView class="oracle.dbtools.crest.swingui.logical.TVEntity" oid="1C21AB73-49D7-410E-6E87-AF410AADB994" otype="Entity" vid="E9F34888-AFBC-8B5B-02C3-816B57929C21">
<hideElementsInCurrentOnly>false</hideElementsInCurrentOnly>
<bounds x="740" y="400" width="221" height="101"/>
</OView>
<OView class="oracle.dbtools.crest.swingui.logical.TVEntity" oid="2B15F4BF-1248-5290-D281-E909896B9FC1" otype="Entity" vid="668F87A5-2736-8551-2B13-C46AEDD9AAE7">
<hideElementsInCurrentOnly>false</hideElementsInCurrentOnly>
<bounds x="1050" y="240" width="231" height="91"/>
</OView>
<OView class="oracle.dbtools.crest.swingui.logical.TVEntity" oid="3234C225-FAFD-AB3E-8B3B-9A62A1FA61EF" otype="Entity" vid="3611D10D-41AB-1773-051F-2FF7B8870396">
<hideElementsInCurrentOnly>false</hideElementsInCurrentOnly>
<bounds x="740" y="230" width="211" height="101"/>
</OView>
<OView class="oracle.dbtools.crest.swingui.logical.TVEntity" oid="3A641872-7D7F-5EAC-4D7E-4B91D6D01721" otype="Entity" vid="C8AAFAC1-7D5B-39CE-40DA-3ADCC1B44896">
<hideElementsInCurrentOnly>false</hideElementsInCurrentOnly>
<bounds x="1050" y="400" width="231" height="101"/>
</OView>
<OView class="oracle.dbtools.crest.swingui.logical.TVEntity" oid="3BFFA6B9-97D7-F828-E02F-AB6CADCFE89D" otype="Entity" vid="FD4D7347-AA4A-0946-0AB3-82E6CD21E455">
<hideElementsInCurrentOnly>false</hideElementsInCurrentOnly>
<bounds x="360" y="70" width="191" height="53"/>
</OView>
<OView class="oracle.dbtools.crest.swingui.logical.TVEntity" oid="3D10B7D5-F260-A0AE-586D-6E4B9E1B89DF" otype="Entity" vid="A006CFF9-C3A7-E958-78C4-85592BE573EE">
<hideElementsInCurrentOnly>false</hideElementsInCurrentOnly>
<bounds x="150" y="240" width="221" height="151"/>
</OView>
<OView class="oracle.dbtools.crest.swingui.logical.TVEntity" oid="537343AA-EE9F-DECF-DE73-7FBE6CA70D1A" otype="Entity" vid="48E6E353-59BE-5D44-583D-B31BADF8CEB3">
<hideElementsInCurrentOnly>false</hideElementsInCurrentOnly>
<bounds x="360" y="139" width="190" height="49"/>
</OView>
<OView class="oracle.dbtools.crest.swingui.logical.TVEntity" oid="555790E0-8419-53AF-5ED6-C42D87AEDEF1" otype="Entity" vid="BB095AED-F893-D9A7-1E48-C3DD1E3E6868">
<hideElementsInCurrentOnly>false</hideElementsInCurrentOnly>
<bounds x="720" y="570" width="261" height="91"/>
</OView>
<OView class="oracle.dbtools.crest.swingui.logical.TVEntity" oid="56C59530-0AEA-C24D-A061-75096347F0F9" otype="Entity" vid="BA93F73C-442D-AE84-42A5-522F4533A575">
<hideElementsInCurrentOnly>false</hideElementsInCurrentOnly>
<bounds x="150" y="50" width="421" height="148"/>
</OView>
<OView class="oracle.dbtools.crest.swingui.logical.TVEntity" oid="5C9FA850-7DF7-37D5-F3E9-4B5BD218B176" otype="Entity" vid="5533FDD2-170D-6E04-A8AA-4401E82C738E">
<hideElementsInCurrentOnly>false</hideElementsInCurrentOnly>
<bounds x="440" y="230" width="221" height="101"/>
</OView>
<OView class="oracle.dbtools.crest.swingui.logical.TVEntity" oid="696402CA-6AF3-A7D7-2086-4AD4D2C172BD" otype="Entity" vid="C17566D3-DB98-7983-B2CD-B93DC0B7165B">
<hideElementsInCurrentOnly>false</hideElementsInCurrentOnly>
<bounds x="740" y="60" width="211" height="91"/>
</OView>
<OView class="oracle.dbtools.crest.swingui.logical.TVEntity" oid="A1969570-D3A2-A54C-CC3A-0E0A1E64DB21" otype="Entity" vid="398CA897-696D-8C2F-5553-8B96B05D2363">
<hideElementsInCurrentOnly>false</hideElementsInCurrentOnly>
<bounds x="1050" y="570" width="231" height="91"/>
</OView>
<OView class="oracle.dbtools.crest.swingui.logical.TVEntity" oid="DE261E74-91E3-FC0B-1EC6-CE14711BF22E" otype="Entity" vid="449C1448-D922-8F13-707D-ABF96B15559A">
<hideElementsInCurrentOnly>false</hideElementsInCurrentOnly>
<bounds x="150" y="430" width="221" height="121"/>
</OView>
<OView class="oracle.dbtools.crest.swingui.logical.TVEntity" oid="EF79863F-6470-2250-FD61-8F335F92B3DA" otype="Entity" vid="00142DC4-5864-98C8-3255-0EF35A1D5A8F">
<hideElementsInCurrentOnly>false</hideElementsInCurrentOnly>
<bounds x="440" y="570" width="231" height="91"/>
</OView>
</objectViews>
<connectors>
<Connector class="oracle.dbtools.crest.swingui.logical.TVRelation" oid="23132C47-5A45-3AC2-6474-D4DCAA798D85" otype="Relation" vid_source="C17566D3-DB98-7983-B2CD-B93DC0B7165B" vid_target="3611D10D-41AB-1773-051F-2FF7B8870396">
<hideElementsInCurrentOnly>false</hideElementsInCurrentOnly>
<backgroundColor>-16777216</backgroundColor>
<lineWidth>1</lineWidth>
<points>
<point x="845" y="151"/>
<point x="845" y="230"/>
</points>
</Connector>
<Connector class="oracle.dbtools.crest.swingui.logical.TVRelation" oid="2A44DEB7-9D6B-3CBA-CEB6-2F15185A9C40" otype="Relation" vid_source="BB095AED-F893-D9A7-1E48-C3DD1E3E6868" vid_target="00142DC4-5864-98C8-3255-0EF35A1D5A8F">
<hideElementsInCurrentOnly>false</hideElementsInCurrentOnly>
<backgroundColor>-16777216</backgroundColor>
<lineWidth>1</lineWidth>
<points>
<point x="720" y="615"/>
<point x="671" y="615"/>
</points>
</Connector>
<Connector class="oracle.dbtools.crest.swingui.logical.TVRelation" oid="4AA910A3-A788-A482-13D9-2ABF1127BAC5" otype="Relation" vid_source="398CA897-696D-8C2F-5553-8B96B05D2363" vid_target="C8AAFAC1-7D5B-39CE-40DA-3ADCC1B44896">
<hideElementsInCurrentOnly>false</hideElementsInCurrentOnly>
<backgroundColor>-16777216</backgroundColor>
<lineWidth>1</lineWidth>
<points>
<point x="1165" y="570"/>
<point x="1165" y="501"/>
</points>
</Connector>
<Connector class="oracle.dbtools.crest.swingui.logical.TVRelation" oid="625D7FDB-0D26-2E08-4ADB-86F4ACC476C3" otype="Relation" vid_source="668F87A5-2736-8551-2B13-C46AEDD9AAE7" vid_target="C8AAFAC1-7D5B-39CE-40DA-3ADCC1B44896">
<hideElementsInCurrentOnly>false</hideElementsInCurrentOnly>
<backgroundColor>-16777216</backgroundColor>
<lineWidth>1</lineWidth>
<points>
<point x="1160" y="331"/>
<point x="1160" y="400"/>
</points>
</Connector>
<Connector class="oracle.dbtools.crest.swingui.logical.TVRelation" oid="68BB430F-882C-A96E-E88A-20C37A75F74D" otype="Relation" vid_source="4B6B6CBA-B8DB-B0B3-56E8-0F2996841A1E" vid_target="449C1448-D922-8F13-707D-ABF96B15559A">
<hideElementsInCurrentOnly>false</hideElementsInCurrentOnly>
<backgroundColor>-16777216</backgroundColor>
<lineWidth>1</lineWidth>
<points>
<point x="260" y="600"/>
<point x="260" y="551"/>
</points>
</Connector>
<Connector class="oracle.dbtools.crest.swingui.logical.TVInheritanceRelation" oid="6ACDEAE8-AEDE-D904-F780-3203A4DB26B1" otype="Hierarchy relation" vid_source="BA93F73C-442D-AE84-42A5-522F4533A575" vid_target="48E6E353-59BE-5D44-583D-B31BADF8CEB3">
<hideElementsInCurrentOnly>false</hideElementsInCurrentOnly>
<backgroundColor>-65536</backgroundColor>
<lineWidth>1</lineWidth>
</Connector>
<Connector class="oracle.dbtools.crest.swingui.logical.TVRelation" oid="6AE44D2F-3686-2321-F6B1-C67FA08C08D7" otype="Relation" vid_source="E9F34888-AFBC-8B5B-02C3-816B57929C21" vid_target="3611D10D-41AB-1773-051F-2FF7B8870396">
<hideElementsInCurrentOnly>false</hideElementsInCurrentOnly>
<backgroundColor>-16777216</backgroundColor>
<lineWidth>1</lineWidth>
<points>
<point x="845" y="400"/>
<point x="845" y="331"/>
</points>
</Connector>
<Connector class="oracle.dbtools.crest.swingui.logical.TVInheritanceRelation" oid="8F4033A2-5E23-8E32-5C6E-377B8E13BFCE" otype="Hierarchy relation" vid_source="BA93F73C-442D-AE84-42A5-522F4533A575" vid_target="FD4D7347-AA4A-0946-0AB3-82E6CD21E455">
<hideElementsInCurrentOnly>false</hideElementsInCurrentOnly>
<backgroundColor>-65536</backgroundColor>
<lineWidth>1</lineWidth>
</Connector>
<Connector class="oracle.dbtools.crest.swingui.logical.TVRelation" oid="98A19749-40FA-AA19-FA3D-C584E96A1B4C" otype="Relation" vid_source="C8AAFAC1-7D5B-39CE-40DA-3ADCC1B44896" vid_target="E9F34888-AFBC-8B5B-02C3-816B57929C21">
<hideElementsInCurrentOnly>false</hideElementsInCurrentOnly>
<backgroundColor>-16777216</backgroundColor>
<lineWidth>1</lineWidth>
<points>
<point x="1050" y="455"/>
<point x="1018" y="455"/>
<point x="961" y="455"/>
</points>
</Connector>
<Connector class="oracle.dbtools.crest.swingui.logical.TVRelation" oid="992CA19B-8A74-3CE3-C56B-6CC019F95CFA" otype="Relation" vid_source="5533FDD2-170D-6E04-A8AA-4401E82C738E" vid_target="3611D10D-41AB-1773-051F-2FF7B8870396">
<hideElementsInCurrentOnly>false</hideElementsInCurrentOnly>
<backgroundColor>-16777216</backgroundColor>
<lineWidth>1</lineWidth>
<points>
<point x="661" y="280"/>
<point x="740" y="280"/>
</points>
</Connector>
<Connector class="oracle.dbtools.crest.swingui.logical.TVRelation" oid="9C0F0F5D-E821-8072-51A1-5F8E79683DED" otype="Relation" vid_source="A006CFF9-C3A7-E958-78C4-85592BE573EE" vid_target="BA93F73C-442D-AE84-42A5-522F4533A575">
<hideElementsInCurrentOnly>false</hideElementsInCurrentOnly>
<backgroundColor>-16777216</backgroundColor>
<lineWidth>1</lineWidth>
<points>
<point x="275" y="240"/>
<point x="275" y="198"/>
</points>
</Connector>
<Connector class="oracle.dbtools.crest.swingui.logical.TVRelation" oid="D8742625-11AE-B469-2694-93ABD5232C12" otype="Relation" vid_source="A006CFF9-C3A7-E958-78C4-85592BE573EE" vid_target="449C1448-D922-8F13-707D-ABF96B15559A">
<hideElementsInCurrentOnly>false</hideElementsInCurrentOnly>
<backgroundColor>-16777216</backgroundColor>
<lineWidth>1</lineWidth>
<points>
<point x="260" y="391"/>
<point x="260" y="430"/>
</points>
</Connector>
<Connector class="oracle.dbtools.crest.swingui.logical.TVRelation" oid="F6815AF2-4CE5-9BEF-7AF2-95BE17457FF7" otype="Relation" vid_source="E9F34888-AFBC-8B5B-02C3-816B57929C21" vid_target="BB095AED-F893-D9A7-1E48-C3DD1E3E6868">
<hideElementsInCurrentOnly>false</hideElementsInCurrentOnly>
<backgroundColor>-16777216</backgroundColor>
<lineWidth>1</lineWidth>
<points>
<point x="850" y="501"/>
<point x="850" y="570"/>
</points>
</Connector>
<Connector class="oracle.dbtools.crest.swingui.logical.TVRelation" oid="FB5B52B1-9D71-D3D0-10C1-EFC249B87747" otype="Relation" vid_source="BA93F73C-442D-AE84-42A5-522F4533A575" vid_target="C17566D3-DB98-7983-B2CD-B93DC0B7165B">
<hideElementsInCurrentOnly>false</hideElementsInCurrentOnly>
<backgroundColor>-16777216</backgroundColor>
<lineWidth>1</lineWidth>
<points>
<point x="571" y="105"/>
<point x="740" y="105"/>
</points>
</Connector>
</connectors>
</Diagram>