<?xml version = '1.0' encoding = 'UTF-8'?>
<Relation class="oracle.dbtools.crest.model.design.logical.InheritanceRelation" name="Hierarchy_2" directorySegmentName="seg_0" id="6ACDEAE8-AEDE-D904-F780-3203A4DB26B1">
<createdBy>nicolas</createdBy>
<createdTime>2024-09-15 23:38:07 UTC</createdTime>
<ownerDesignName>Exp2_S6</ownerDesignName>
<engineerTo>
<item key="6A16248E-0BAB-082C-6C77-10AF3A5979CB" value="true"/>
</engineerTo>
<identifying>false</identifying>
<nameOnSource>Super Type</nameOnSource>
<nameOnTarget>Sub Type</nameOnTarget>
<optionalSource>true</optionalSource>
<optionalTarget>true</optionalTarget>
<sourceEntity>56C59530-0AEA-C24D-A061-75096347F0F9</sourceEntity>
<targetEntity>537343AA-EE9F-DECF-DE73-7FBE6CA70D1A</targetEntity>
<transferable>true</transferable>
<deleteRule>NO ACTION</deleteRule>
</Relation>