<?xml version = '1.0' encoding = 'UTF-8'?>
<Relation class="oracle.dbtools.crest.model.design.logical.InheritanceRelation" name="Hierarchy_1" directorySegmentName="seg_0" id="8F4033A2-5E23-8E32-5C6E-377B8E13BFCE">
<createdBy>nicolas</createdBy>
<createdTime>2024-09-15 23:37:30 UTC</createdTime>
<ownerDesignName>Exp2_S6</ownerDesignName>
<engineerTo>
<item key="6A16248E-0BAB-082C-6C77-10AF3A5979CB" value="true"/>
</engineerTo>
<identifying>false</identifying>
<nameOnSource>Super Type</nameOnSource>
<nameOnTarget>Sub Type</nameOnTarget>
<optionalSource>true</optionalSource>
<optionalTarget>true</optionalTarget>
<sourceEntity>56C59530-0AEA-C24D-A061-75096347F0F9</sourceEntity>
<targetEntity>3BFFA6B9-97D7-F828-E02F-AB6CADCFE89D</targetEntity>
<transferable>true</transferable>
<deleteRule>NO ACTION</deleteRule>
</Relation>