<?xml version = '1.0' encoding = 'UTF-8'?>
<FKIndexAssociation class="oracle.dbtools.crest.model.design.relational.FKIndexAssociation" directorySegmentName="seg_0" id="0044CBB9-8E5F-BC49-A190-2FFCC8F2715D" containerWithKeyObject="3C181536-88C9-993A-96D8-5C1D1FDE87AC" localFKIndex="955CF673-D88F-7689-7C1E-E4D65A076766" name="DETALLE_ORDEN_ORDEN_FK">
<createdBy>nicolas</createdBy>
<createdTime>2024-09-16 01:41:53 UTC</createdTime>
<generatorID>23132C47-5A45-3AC2-6474-D4DCAA798D85</generatorID>
<ownerDesignName>Exp2_S6</ownerDesignName>
<referredTableLongName>ORDEN</referredTableLongName>
<deleteRule>NO ACTION</deleteRule>
<referredTableID>B1F96C35-4898-8DD4-8403-681BEEAF7553</referredTableID>
<keyObject>A1C945FC-80FB-3797-6319-1CAB5D6B2EE4</keyObject>
<referredKeyID>A1C945FC-80FB-3797-6319-1CAB5D6B2EE4</referredKeyID>
<mandatory>false</mandatory>
<refColNames>cod_orden</refColNames>
<transferable>true</transferable>
<rely>false</rely>
<columnDependencyConstraintGenerateInDDL>true</columnDependencyConstraintGenerateInDDL>
</FKIndexAssociation>