<?xml version = '1.0' encoding = 'UTF-8'?>
<FKIndexAssociation class="oracle.dbtools.crest.model.design.relational.FKIndexAssociation" directorySegmentName="seg_0" id="1AB39C12-4D51-CB42-0998-8A4AE7DEAACB" containerWithKeyObject="4FE463D8-B073-2EBE-8C08-6F65B338CB43" localFKIndex="72530F78-D1E4-2D15-3D60-5B9AEB765D77" name="RESUMEN_SERVICIO_MANO_OBRA_FK">
<createdBy>nicolas</createdBy>
<createdTime>2024-09-16 01:41:53 UTC</createdTime>
<generatorID>4AA910A3-A788-A482-13D9-2ABF1127BAC5</generatorID>
<ownerDesignName>Exp2_S6</ownerDesignName>
<referredTableLongName>MANO_OBRA</referredTableLongName>
<deleteRule>NO ACTION</deleteRule>
<referredTableID>263DD194-2569-D69F-BF76-E1612A9AF42D</referredTableID>
<keyObject>FF5C2232-9EC1-A16B-785A-1A2CE7023046</keyObject>
<referredKeyID>FF5C2232-9EC1-A16B-785A-1A2CE7023046</referredKeyID>
<mandatory>true</mandatory>
<refColNames>cod_obra</refColNames>
<transferable>true</transferable>
<rely>false</rely>
<columnDependencyConstraintGenerateInDDL>true</columnDependencyConstraintGenerateInDDL>
</FKIndexAssociation>