<?xml version = '1.0' encoding = 'UTF-8'?>
<FKIndexAssociation class="oracle.dbtools.crest.model.design.relational.FKIndexAssociation" directorySegmentName="seg_0" id="1AB49B6E-1242-66E0-B3FF-350EA61D2939" containerWithKeyObject="AA484B4B-FC26-67F8-674A-D3FE206A700F" localFKIndex="042961FC-F0A0-F203-C17B-FE2550FF3339" name="VALIDACION_DETALLE_ORDEN_FK">
<createdBy>nicolas</createdBy>
<createdTime>2024-09-16 01:41:53 UTC</createdTime>
<generatorID>992CA19B-8A74-3CE3-C56B-6CC019F95CFA</generatorID>
<ownerDesignName>Exp2_S6</ownerDesignName>
<referredTableLongName>DETALLE_ORDEN</referredTableLongName>
<deleteRule>NO ACTION</deleteRule>
<referredTableID>3C181536-88C9-993A-96D8-5C1D1FDE87AC</referredTableID>
<keyObject>D944293D-1118-DF99-87B6-19F5B444426B</keyObject>
<referredKeyID>D944293D-1118-DF99-87B6-19F5B444426B</referredKeyID>
<mandatory>true</mandatory>
<refColNames>cod_detalle</refColNames>
<transferable>true</transferable>
<rely>false</rely>
<columnDependencyConstraintGenerateInDDL>true</columnDependencyConstraintGenerateInDDL>
</FKIndexAssociation>