<?xml version = '1.0' encoding = 'UTF-8'?>
<FKIndexAssociation class="oracle.dbtools.crest.model.design.relational.FKIndexAssociation" directorySegmentName="seg_0" id="1F2A4189-2C6A-F6C2-7038-68EC2BD0B572" containerWithKeyObject="9E089174-32F1-8C1D-9A64-031C485F3591" localFKIndex="BF27E227-CAF8-3033-7764-324890EEE1D7" name="ESTADO_SEGUIMIENTO_FK">
<createdBy>nicolas</createdBy>
<createdTime>2024-09-16 01:41:53 UTC</createdTime>
<generatorID>2A44DEB7-9D6B-3CBA-CEB6-2F15185A9C40</generatorID>
<ownerDesignName>Exp2_S6</ownerDesignName>
<referredTableLongName>SEGUIMIENTO</referredTableLongName>
<deleteRule>NO ACTION</deleteRule>
<referredTableID>C6FA80A5-1951-8E60-2354-D8CE65012547</referredTableID>
<keyObject>81EA1097-25A7-21EE-CF6F-528FA5A6E454</keyObject>
<referredKeyID>81EA1097-25A7-21EE-CF6F-528FA5A6E454</referredKeyID>
<mandatory>true</mandatory>
<refColNames>cod_seguimiento</refColNames>
<transferable>true</transferable>
<rely>false</rely>
<columnDependencyConstraintGenerateInDDL>true</columnDependencyConstraintGenerateInDDL>
</FKIndexAssociation>