<?xml version = '1.0' encoding = 'UTF-8'?>
<FKIndexAssociation class="oracle.dbtools.crest.model.design.relational.FKIndexAssociation" directorySegmentName="seg_0" id="231FC0C7-ED55-8C43-4A04-981485B59471" containerWithKeyObject="E314D756-1734-CCAA-E6DE-57C431421048" localFKIndex="6C1B7757-450D-46F1-D342-033841FA49AF" name="VEHICULO_CLIENTE_FK">
<createdBy>nicolas</createdBy>
<createdTime>2024-09-16 01:41:53 UTC</createdTime>
<generatorID>9C0F0F5D-E821-8072-51A1-5F8E79683DED</generatorID>
<ownerDesignName>Exp2_S6</ownerDesignName>
<referredTableLongName>CLIENTE</referredTableLongName>
<deleteRule>NO ACTION</deleteRule>
<referredTableID>C8B290FA-F330-6409-1E25-18059F9C9BBA</referredTableID>
<keyObject>48FC290C-CC2C-80CC-318D-015743BC4FDB</keyObject>
<referredKeyID>48FC290C-CC2C-80CC-318D-015743BC4FDB</referredKeyID>
<mandatory>true</mandatory>
<refColNames>rut</refColNames>
<transferable>true</transferable>
<rely>false</rely>
<columnDependencyConstraintGenerateInDDL>true</columnDependencyConstraintGenerateInDDL>
</FKIndexAssociation>