<?xml version = '1.0' encoding = 'UTF-8'?>
<FKIndexAssociation class="oracle.dbtools.crest.model.design.relational.FKIndexAssociation" directorySegmentName="seg_0" id="271A709D-B37A-E7B5-E7D4-1B1F7FBE673C" containerWithKeyObject="C6FA80A5-1951-8E60-2354-D8CE65012547" localFKIndex="96B89AAC-6666-C8AA-5B97-11EE1C0FEED8" name="SEGUIMIENTO_SERVICIO_FK">
<createdBy>nicolas</createdBy>
<createdTime>2024-09-16 01:41:53 UTC</createdTime>
<generatorID>F6815AF2-4CE5-9BEF-7AF2-95BE17457FF7</generatorID>
<ownerDesignName>Exp2_S6</ownerDesignName>
<referredTableLongName>SERVICIO</referredTableLongName>
<deleteRule>NO ACTION</deleteRule>
<referredTableID>F0F45D6C-7E35-5E37-D088-32034D42B932</referredTableID>
<keyObject>03678DB1-607F-F517-E0CA-09CC7ED5B3AE</keyObject>
<referredKeyID>03678DB1-607F-F517-E0CA-09CC7ED5B3AE</referredKeyID>
<mandatory>true</mandatory>
<refColNames>cod_servicio</refColNames>
<transferable>true</transferable>
<rely>false</rely>
<columnDependencyConstraintGenerateInDDL>true</columnDependencyConstraintGenerateInDDL>
</FKIndexAssociation>