<?xml version = '1.0' encoding = 'UTF-8'?>
<FKIndexAssociation class="oracle.dbtools.crest.model.design.relational.FKIndexAssociation" directorySegmentName="seg_0" id="34FA166D-F6E6-39EC-4726-37218EFF385E" containerWithKeyObject="031D37E1-BBED-1DFC-249C-C3CA32299055" localFKIndex="F37C6570-C0AE-5A0B-A880-EF3EA7826AE5" name="VEH_MOTO_VEHICULO_FK">
<createdBy>nicolas</createdBy>
<createdTime>2024-09-16 01:41:53 UTC</createdTime>
<generatorID>6ACDEAE8-AEDE-D904-F780-3203A4DB26B1</generatorID>
<ownerDesignName>Exp2_S6</ownerDesignName>
<referredTableLongName>VEHICULO</referredTableLongName>
<arc>0DC5549D-6706-EA52-E915-F8BCBAB4622F</arc>
<deleteRule>NO ACTION</deleteRule>
<referredTableID>E314D756-1734-CCAA-E6DE-57C431421048</referredTableID>
<keyObject>6DA384F2-26CA-DBFF-84CC-A792E46B6AA3</keyObject>
<referredKeyID>6DA384F2-26CA-DBFF-84CC-A792E46B6AA3</referredKeyID>
<mandatory>true</mandatory>
<refColNames>patente</refColNames>
<transferable>true</transferable>
<rely>false</rely>
<discriminatorValue>M</discriminatorValue>
<columnDependencyConstraintGenerateInDDL>true</columnDependencyConstraintGenerateInDDL>
</FKIndexAssociation>