<?xml version = '1.0' encoding = 'UTF-8'?>
<FKIndexAssociation class="oracle.dbtools.crest.model.design.relational.FKIndexAssociation" directorySegmentName="seg_0" id="3B16F732-C413-776B-3F4F-D1925F68038B" containerWithKeyObject="C8B290FA-F330-6409-1E25-18059F9C9BBA" localFKIndex="8606C33C-4902-2F1D-592C-3D0FBB002FBC" name="CLIENTE_DIRECCION_FK">
<createdBy>nicolas</createdBy>
<createdTime>2024-09-16 01:41:53 UTC</createdTime>
<generatorID>D8742625-11AE-B469-2694-93ABD5232C12</generatorID>
<ownerDesignName>Exp2_S6</ownerDesignName>
<referredTableLongName>DIRECCION</referredTableLongName>
<deleteRule>NO ACTION</deleteRule>
<referredTableID>BC1BBF99-A5FA-8066-221F-55A0EA24854B</referredTableID>
<keyObject>04451135-896A-DACE-17CB-597540C6761A</keyObject>
<referredKeyID>04451135-896A-DACE-17CB-597540C6761A</referredKeyID>
<mandatory>true</mandatory>
<refColNames>cod_direccion</refColNames>
<transferable>true</transferable>
<rely>false</rely>
<columnDependencyConstraintGenerateInDDL>true</columnDependencyConstraintGenerateInDDL>
</FKIndexAssociation>