<?xml version = '1.0' encoding = 'UTF-8'?>
<FKIndexAssociation class="oracle.dbtools.crest.model.design.relational.FKIndexAssociation" directorySegmentName="seg_0" id="4B5762DA-F58E-6407-D7DB-5B862F8F45ED" containerWithKeyObject="BC1BBF99-A5FA-8066-221F-55A0EA24854B" localFKIndex="42B1CBCB-178F-9CBC-73A2-2DCACF428F0B" name="DIRECCION_COMUNA_FK">
<createdBy>nicolas</createdBy>
<createdTime>2024-09-16 01:41:53 UTC</createdTime>
<generatorID>68BB430F-882C-A96E-E88A-20C37A75F74D</generatorID>
<ownerDesignName>Exp2_S6</ownerDesignName>
<referredTableLongName>COMUNA</referredTableLongName>
<deleteRule>NO ACTION</deleteRule>
<referredTableID>3172C932-71A7-B861-AF19-CD34FE7F4559</referredTableID>
<keyObject>481D1B75-BDA1-4AB6-04E5-AA2E127F27F4</keyObject>
<referredKeyID>481D1B75-BDA1-4AB6-04E5-AA2E127F27F4</referredKeyID>
<mandatory>true</mandatory>
<refColNames>cod_comuna</refColNames>
<transferable>true</transferable>
<rely>false</rely>
<columnDependencyConstraintGenerateInDDL>true</columnDependencyConstraintGenerateInDDL>
</FKIndexAssociation>