<?xml version = '1.0' encoding = 'UTF-8'?>
<FKIndexAssociation class="oracle.dbtools.crest.model.design.relational.FKIndexAssociation" directorySegmentName="seg_0" id="4C60E528-A33A-7F3E-B9B3-8B3D68286B35" containerWithKeyObject="263DD194-2569-D69F-BF76-E1612A9AF42D" localFKIndex="3E6F6322-3E08-FF93-5A99-D6C05AF744BF" name="MANO_OBRA_RESUMEN_SERVICIO_FK">
<createdBy>nicolas</createdBy>
<createdTime>2024-09-16 01:41:53 UTC</createdTime>
<generatorID>4AA910A3-A788-A482-13D9-2ABF1127BAC5</generatorID>
<ownerDesignName>Exp2_S6</ownerDesignName>
<referredTableLongName>RESUMEN_SERVICIO</referredTableLongName>
<deleteRule>NO ACTION</deleteRule>
<referredTableID>4FE463D8-B073-2EBE-8C08-6F65B338CB43</referredTableID>
<keyObject>BB9251E1-31BD-4A1C-C0D8-87024A301CA1</keyObject>
<referredKeyID>BB9251E1-31BD-4A1C-C0D8-87024A301CA1</referredKeyID>
<mandatory>true</mandatory>
<refColNames>cod_resumen</refColNames>
<transferable>true</transferable>
<rely>false</rely>
<columnDependencyConstraintGenerateInDDL>true</columnDependencyConstraintGenerateInDDL>
</FKIndexAssociation>