<?xml version = '1.0' encoding = 'UTF-8'?>
<FKIndexAssociation class="oracle.dbtools.crest.model.design.relational.FKIndexAssociation" directorySegmentName="seg_0" id="5E38A456-9AD6-587E-281E-791069B9E75A" containerWithKeyObject="3C181536-88C9-993A-96D8-5C1D1FDE87AC" localFKIndex="D4DC35DD-F73F-D0F3-3C57-A300E4AB13D8" name="DETALLE_ORDEN_SERVICIO_FK">
<createdBy>nicolas</createdBy>
<createdTime>2024-09-16 01:41:53 UTC</createdTime>
<generatorID>6AE44D2F-3686-2321-F6B1-C67FA08C08D7</generatorID>
<ownerDesignName>Exp2_S6</ownerDesignName>
<referredTableLongName>SERVICIO</referredTableLongName>
<deleteRule>NO ACTION</deleteRule>
<referredTableID>F0F45D6C-7E35-5E37-D088-32034D42B932</referredTableID>
<keyObject>03678DB1-607F-F517-E0CA-09CC7ED5B3AE</keyObject>
<referredKeyID>03678DB1-607F-F517-E0CA-09CC7ED5B3AE</referredKeyID>
<mandatory>true</mandatory>
<refColNames>cod_servicio</refColNames>
<transferable>true</transferable>
<rely>false</rely>
<columnDependencyConstraintGenerateInDDL>true</columnDependencyConstraintGenerateInDDL>
</FKIndexAssociation>