<?xml version = '1.0' encoding = 'UTF-8'?>
<FKIndexAssociation class="oracle.dbtools.crest.model.design.relational.FKIndexAssociation" directorySegmentName="seg_0" id="676ECD1F-D0B1-6D8C-5B90-46CD688365B3" containerWithKeyObject="4FE463D8-B073-2EBE-8C08-6F65B338CB43" localFKIndex="A956BFEA-91D4-D950-B941-8A270F093291" name="RESUMEN_SERVICIO_REPUESTO_FK">
<createdBy>nicolas</createdBy>
<createdTime>2024-09-16 01:41:53 UTC</createdTime>
<generatorID>625D7FDB-0D26-2E08-4ADB-86F4ACC476C3</generatorID>
<ownerDesignName>Exp2_S6</ownerDesignName>
<referredTableLongName>REPUESTO</referredTableLongName>
<deleteRule>NO ACTION</deleteRule>
<referredTableID>EDFD8089-B065-69A7-167A-194FB58538FB</referredTableID>
<keyObject>CB65A1BF-ABBA-CCAF-4B12-D71E6E95D48D</keyObject>
<referredKeyID>CB65A1BF-ABBA-CCAF-4B12-D71E6E95D48D</referredKeyID>
<mandatory>false</mandatory>
<refColNames>cod_repuesto</refColNames>
<transferable>true</transferable>
<rely>false</rely>
<columnDependencyConstraintGenerateInDDL>true</columnDependencyConstraintGenerateInDDL>
</FKIndexAssociation>