<?xml version = '1.0' encoding = 'UTF-8'?>
<FKIndexAssociation class="oracle.dbtools.crest.model.design.relational.FKIndexAssociation" directorySegmentName="seg_0" id="71F54676-E1EB-6ED0-BCAC-1119952A5F7F" containerWithKeyObject="B1F96C35-4898-8DD4-8403-681BEEAF7553" localFKIndex="71D84908-37B8-FE70-720F-10148E32AC1E" name="ORDEN_VEHICULO_FK">
<createdBy>nicolas</createdBy>
<createdTime>2024-09-16 01:41:53 UTC</createdTime>
<generatorID>FB5B52B1-9D71-D3D0-10C1-EFC249B87747</generatorID>
<ownerDesignName>Exp2_S6</ownerDesignName>
<referredTableLongName>VEHICULO</referredTableLongName>
<deleteRule>NO ACTION</deleteRule>
<referredTableID>E314D756-1734-CCAA-E6DE-57C431421048</referredTableID>
<keyObject>6DA384F2-26CA-DBFF-84CC-A792E46B6AA3</keyObject>
<referredKeyID>6DA384F2-26CA-DBFF-84CC-A792E46B6AA3</referredKeyID>
<mandatory>true</mandatory>
<refColNames>patente</refColNames>
<transferable>true</transferable>
<rely>false</rely>
<columnDependencyConstraintGenerateInDDL>true</columnDependencyConstraintGenerateInDDL>
</FKIndexAssociation>