<?xml version = '1.0' encoding = 'UTF-8'?>
<FKIndexAssociation class="oracle.dbtools.crest.model.design.relational.FKIndexAssociation" directorySegmentName="seg_0" id="8D05A674-8FEF-C83E-4B16-861790F611CD" containerWithKeyObject="F0F45D6C-7E35-5E37-D088-32034D42B932" localFKIndex="0249A56C-6D3D-D016-4DE0-26940F63B3B0" name="SERVICIO_RESUMEN_SERVICIO_FK">
<createdBy>nicolas</createdBy>
<createdTime>2024-09-16 01:41:53 UTC</createdTime>
<generatorID>98A19749-40FA-AA19-FA3D-C584E96A1B4C</generatorID>
<ownerDesignName>Exp2_S6</ownerDesignName>
<referredTableLongName>RESUMEN_SERVICIO</referredTableLongName>
<deleteRule>NO ACTION</deleteRule>
<referredTableID>4FE463D8-B073-2EBE-8C08-6F65B338CB43</referredTableID>
<keyObject>BB9251E1-31BD-4A1C-C0D8-87024A301CA1</keyObject>
<referredKeyID>BB9251E1-31BD-4A1C-C0D8-87024A301CA1</referredKeyID>
<mandatory>true</mandatory>
<refColNames>cod_resumen</refColNames>
<transferable>true</transferable>
<rely>false</rely>
<columnDependencyConstraintGenerateInDDL>true</columnDependencyConstraintGenerateInDDL>
</FKIndexAssociation>