<?xml version = '1.0' encoding = 'UTF-8'?>
<FKIndexAssociation class="oracle.dbtools.crest.model.design.relational.FKIndexAssociation" directorySegmentName="seg_0" id="A75C5C6F-3839-A082-D8D0-1CC7EDB05C49" containerWithKeyObject="BC1BBF99-A5FA-8066-221F-55A0EA24854B" localFKIndex="0F34EC04-DFB7-C59F-FA1E-5AA4E1386921" name="DIRECCION_CLIENTE_FK">
<createdBy>nicolas</createdBy>
<createdTime>2024-09-16 01:41:53 UTC</createdTime>
<generatorID>D8742625-11AE-B469-2694-93ABD5232C12</generatorID>
<ownerDesignName>Exp2_S6</ownerDesignName>
<referredTableLongName>CLIENTE</referredTableLongName>
<deleteRule>NO ACTION</deleteRule>
<referredTableID>C8B290FA-F330-6409-1E25-18059F9C9BBA</referredTableID>
<keyObject>48FC290C-CC2C-80CC-318D-015743BC4FDB</keyObject>
<referredKeyID>48FC290C-CC2C-80CC-318D-015743BC4FDB</referredKeyID>
<mandatory>true</mandatory>
<refColNames>rut</refColNames>
<transferable>true</transferable>
<rely>false</rely>
<columnDependencyConstraintGenerateInDDL>true</columnDependencyConstraintGenerateInDDL>
</FKIndexAssociation>