<?xml version = '1.0' encoding = 'UTF-8'?>
<FKIndexAssociation class="oracle.dbtools.crest.model.design.relational.FKIndexAssociation" directorySegmentName="seg_0" id="C35F5D35-AE23-5E6F-D0DC-95AAC8260584" containerWithKeyObject="027BEDE8-B823-B156-C191-FD10D225E186" localFKIndex="9DA56C3C-49AB-CA8B-ABEF-9577CF031583" name="VEH_AUTO_VEHICULO_FK">
<createdBy>nicolas</createdBy>
<createdTime>2024-09-16 01:41:53 UTC</createdTime>
<generatorID>8F4033A2-5E23-8E32-5C6E-377B8E13BFCE</generatorID>
<ownerDesignName>Exp2_S6</ownerDesignName>
<referredTableLongName>VEHICULO</referredTableLongName>
<arc>0DC5549D-6706-EA52-E915-F8BCBAB4622F</arc>
<deleteRule>NO ACTION</deleteRule>
<referredTableID>E314D756-1734-CCAA-E6DE-57C431421048</referredTableID>
<keyObject>6DA384F2-26CA-DBFF-84CC-A792E46B6AA3</keyObject>
<referredKeyID>6DA384F2-26CA-DBFF-84CC-A792E46B6AA3</referredKeyID>
<mandatory>true</mandatory>
<refColNames>patente</refColNames>
<transferable>true</transferable>
<rely>false</rely>
<discriminatorValue>A</discriminatorValue>
<columnDependencyConstraintGenerateInDDL>true</columnDependencyConstraintGenerateInDDL>
</FKIndexAssociation>