<?xml version = '1.0' encoding = 'UTF-8'?>
<Entity class="oracle.dbtools.crest.model.design.logical.Entity" directorySegmentName="seg_0" id="3234C225-FAFD-AB3E-8B3B-9A62A1FA61EF" name="DETALLE_ORDEN">
<createdBy>nicolas</createdBy>
<createdTime>2024-09-15 23:25:37 UTC</createdTime>
<ownerDesignName>Exp2_S6</ownerDesignName>
<engineerTo>
<item key="6A16248E-0BAB-082C-6C77-10AF3A5979CB" value="true"/>
</engineerTo>
<adequatelyNormalized>NO</adequatelyNormalized>
<expectedVolumes>0</expectedVolumes>
<fwdEngineeringStrategyName>Single Table</fwdEngineeringStrategyName>
<growthPercent>0</growthPercent>
<growthType>Year</growthType>
<maxVolumes>9999999</maxVolumes>
<minVolumes>0</minVolumes>
<normalForm>Third</normalForm>
<attributes itemClass="oracle.dbtools.crest.model.design.logical.Attribute">
<Attribute name="cod_detalle" id="8EBDD203-3262-2D72-2BD2-FEDD3A03FC11">
<createdBy>nicolas</createdBy>
<createdTime>2024-09-15 23:26:10 UTC</createdTime>
<ownerDesignName>Exp2_S6</ownerDesignName>
<engineerTo>
<item key="6A16248E-0BAB-082C-6C77-10AF3A5979CB" value="true"/>
</engineerTo>
<useDomainConstraints>false</useDomainConstraints>
<use>1</use>
<logicalDatatype>LOGDT025</logicalDatatype>
<dataTypeSize>10 BYTE</dataTypeSize>
<ownDataTypeParameters>10 BYTE,,</ownDataTypeParameters>
</Attribute>
<Attribute name="total_parcial" id="3625D055-E41E-4F2E-3D26-754358070BE0">
<createdBy>nicolas</createdBy>
<createdTime>2024-09-15 23:26:34 UTC</createdTime>
<ownerDesignName>Exp2_S6</ownerDesignName>
<engineerTo>
<item key="6A16248E-0BAB-082C-6C77-10AF3A5979CB" value="true"/>
</engineerTo>
<useDomainConstraints>false</useDomainConstraints>
<use>1</use>
<logicalDatatype>LOGDT019</logicalDatatype>
<dataTypePrecision>7</dataTypePrecision>
<ownDataTypeParameters>,7,</ownDataTypeParameters>
</Attribute>
<Attribute name="cod_orden" id="795896D5-A703-9C78-13F9-44D8504D828C">
<createdBy>nicolas</createdBy>
<createdTime>2024-09-15 23:45:03 UTC</createdTime>
<generatorID>23132C47-5A45-3AC2-6474-D4DCAA798D85</generatorID>
<ownerDesignName>Exp2_S6</ownerDesignName>
<engineerTo>
<item key="6A16248E-0BAB-082C-6C77-10AF3A5979CB" value="true"/>
</engineerTo>
<nullsAllowed>true</nullsAllowed>
<referedAttribute>FBE1FCD4-F84B-C4CB-B554-08E313B29B9B</referedAttribute>
<useDomainConstraints>false</useDomainConstraints>
<use>1</use>
<logicalDatatype>LOGDT025</logicalDatatype>
<dataTypeSize>10 BYTE</dataTypeSize>
<ownDataTypeParameters>,,</ownDataTypeParameters>
</Attribute>
<Attribute name="cod_servicio" id="D5ED956D-E7FB-CBD2-7099-D5A005C8A01E">
<createdBy>nicolas</createdBy>
<createdTime>2024-09-15 23:46:15 UTC</createdTime>
<generatorID>6AE44D2F-3686-2321-F6B1-C67FA08C08D7</generatorID>
<ownerDesignName>Exp2_S6</ownerDesignName>
<engineerTo>
<item key="6A16248E-0BAB-082C-6C77-10AF3A5979CB" value="true"/>
</engineerTo>
<referedAttribute>935D7A83-6F76-2620-3C54-EB767B95D4C7</referedAttribute>
<useDomainConstraints>false</useDomainConstraints>
<use>1</use>
<logicalDatatype>LOGDT025</logicalDatatype>
<dataTypeSize>10 BYTE</dataTypeSize>
<ownDataTypeParameters>,,</ownDataTypeParameters>
</Attribute>
</attributes>
<identifiers itemClass="oracle.dbtools.crest.model.design.logical.CandidateKey">
<identifier id="DA733FB6-4D5B-94D1-F4E8-170D2EC03BD2" name="DETALLE_SERVCIO PK">
<createdBy>nicolas</createdBy>
<createdTime>2024-09-15 23:26:16 UTC</createdTime>
<ownerDesignName>Exp2_S6</ownerDesignName>
<engineerTo>
<item key="6A16248E-0BAB-082C-6C77-10AF3A5979CB" value="true"/>
</engineerTo>
<pk>true</pk>
<usedAttributes>
<attributeRef>8EBDD203-3262-2D72-2BD2-FEDD3A03FC11</attributeRef>
</usedAttributes>
</identifier>
</identifiers>
</Entity>