<?xml version = '1.0' encoding = 'UTF-8'?>
<Entity class="oracle.dbtools.crest.model.design.logical.Entity" directorySegmentName="seg_0" id="3A641872-7D7F-5EAC-4D7E-4B91D6D01721" name="RESUMEN_SERVICIO">
<createdBy>nicolas</createdBy>
<createdTime>2024-09-15 23:51:24 UTC</createdTime>
<ownerDesignName>Exp2_S6</ownerDesignName>
<engineerTo>
<item key="6A16248E-0BAB-082C-6C77-10AF3A5979CB" value="true"/>
</engineerTo>
<adequatelyNormalized>NO</adequatelyNormalized>
<expectedVolumes>0</expectedVolumes>
<fwdEngineeringStrategyName>Single Table</fwdEngineeringStrategyName>
<growthPercent>0</growthPercent>
<growthType>Year</growthType>
<maxVolumes>9999999</maxVolumes>
<minVolumes>0</minVolumes>
<normalForm>Third</normalForm>
<attributes itemClass="oracle.dbtools.crest.model.design.logical.Attribute">
<Attribute name="cod_resumen" id="3993E3DE-2212-BEF1-D01E-C159A0828C97">
<createdBy>nicolas</createdBy>
<createdTime>2024-09-15 23:51:31 UTC</createdTime>
<ownerDesignName>Exp2_S6</ownerDesignName>
<engineerTo>
<item key="6A16248E-0BAB-082C-6C77-10AF3A5979CB" value="true"/>
</engineerTo>
<useDomainConstraints>false</useDomainConstraints>
<use>1</use>
<logicalDatatype>LOGDT025</logicalDatatype>
<dataTypeSize>10 BYTE</dataTypeSize>
<ownDataTypeParameters>10 BYTE,,</ownDataTypeParameters>
</Attribute>
<Attribute name="monto_parcial" id="87FAD8D1-56E6-918E-5857-3FECF836790F">
<createdBy>nicolas</createdBy>
<createdTime>2024-09-15 23:52:12 UTC</createdTime>
<ownerDesignName>Exp2_S6</ownerDesignName>
<engineerTo>
<item key="6A16248E-0BAB-082C-6C77-10AF3A5979CB" value="true"/>
</engineerTo>
<useDomainConstraints>false</useDomainConstraints>
<use>1</use>
<logicalDatatype>LOGDT019</logicalDatatype>
<dataTypePrecision>7</dataTypePrecision>
<ownDataTypeParameters>,7,</ownDataTypeParameters>
</Attribute>
<Attribute name="cod_repuesto" id="9C11BDED-1220-2660-BA7E-67FBCA65B6E4">
<createdBy>nicolas</createdBy>
<createdTime>2024-09-15 23:53:59 UTC</createdTime>
<generatorID>625D7FDB-0D26-2E08-4ADB-86F4ACC476C3</generatorID>
<ownerDesignName>Exp2_S6</ownerDesignName>
<engineerTo>
<item key="6A16248E-0BAB-082C-6C77-10AF3A5979CB" value="true"/>
</engineerTo>
<nullsAllowed>true</nullsAllowed>
<referedAttribute>D1D09BE2-CDFB-27CA-C814-FAAFE5CF0CC7</referedAttribute>
<useDomainConstraints>false</useDomainConstraints>
<use>1</use>
<logicalDatatype>LOGDT025</logicalDatatype>
<dataTypeSize>10 BYTE</dataTypeSize>
<ownDataTypeParameters>,,</ownDataTypeParameters>
</Attribute>
<Attribute name="cod_obra" id="48D49437-A4D6-C88A-6583-C6CA6B5EDB47">
<createdBy>nicolas</createdBy>
<createdTime>2024-09-15 23:55:00 UTC</createdTime>
<generatorID>4AA910A3-A788-A482-13D9-2ABF1127BAC5</generatorID>
<ownerDesignName>Exp2_S6</ownerDesignName>
<engineerTo>
<item key="6A16248E-0BAB-082C-6C77-10AF3A5979CB" value="true"/>
</engineerTo>
<referedAttribute>B55E6754-640C-73B9-D142-2104F9E8CBF1</referedAttribute>
<useDomainConstraints>false</useDomainConstraints>
<use>1</use>
<logicalDatatype>LOGDT025</logicalDatatype>
<dataTypeSize>10 BYTE</dataTypeSize>
<ownDataTypeParameters>,,</ownDataTypeParameters>
</Attribute>
</attributes>
<identifiers itemClass="oracle.dbtools.crest.model.design.logical.CandidateKey">
<identifier id="0DA6597D-A9CB-EA37-3279-C84D1EB08DAA" name="RESUMEN_SERVICIO PK">
<createdBy>nicolas</createdBy>
<createdTime>2024-09-15 23:52:10 UTC</createdTime>
<ownerDesignName>Exp2_S6</ownerDesignName>
<engineerTo>
<item key="6A16248E-0BAB-082C-6C77-10AF3A5979CB" value="true"/>
</engineerTo>
<pk>true</pk>
<usedAttributes>
<attributeRef>3993E3DE-2212-BEF1-D01E-C159A0828C97</attributeRef>
</usedAttributes>
</identifier>
</identifiers>
</Entity>