<?xml version = '1.0' encoding = 'UTF-8'?>
<Entity class="oracle.dbtools.crest.model.design.logical.Entity" directorySegmentName="seg_0" id="3BFFA6B9-97D7-F828-E02F-AB6CADCFE89D" name="VEH_AUTO">
<createdBy>nicolas</createdBy>
<createdTime>2024-09-15 23:22:01 UTC</createdTime>
<ownerDesignName>Exp2_S6</ownerDesignName>
<engineerTo>
<item key="6A16248E-0BAB-082C-6C77-10AF3A5979CB" value="true"/>
</engineerTo>
<adequatelyNormalized>NO</adequatelyNormalized>
<expectedVolumes>0</expectedVolumes>
<fwdEngineeringStrategyName>Single Table</fwdEngineeringStrategyName>
<growthPercent>0</growthPercent>
<growthType>Year</growthType>
<hierarchicalParent>56C59530-0AEA-C24D-A061-75096347F0F9</hierarchicalParent>
<maxVolumes>9999999</maxVolumes>
<minVolumes>0</minVolumes>
<normalForm>Third</normalForm>
<attributes itemClass="oracle.dbtools.crest.model.design.logical.Attribute">
<Attribute name="cant_puertas" id="DAF644F9-FEBD-10A1-2CB1-14C55AE55C9B">
<createdBy>nicolas</createdBy>
<createdTime>2024-09-15 23:22:07 UTC</createdTime>
<ownerDesignName>Exp2_S6</ownerDesignName>
<engineerTo>
<item key="6A16248E-0BAB-082C-6C77-10AF3A5979CB" value="true"/>
</engineerTo>
<useDomainConstraints>false</useDomainConstraints>
<use>1</use>
<logicalDatatype>LOGDT019</logicalDatatype>
<dataTypePrecision>1</dataTypePrecision>
<ownDataTypeParameters>,1,</ownDataTypeParameters>
</Attribute>
<Attribute name="carroseria" id="855FDA36-95E0-6EA6-AD04-61217AF4B29C">
<createdBy>nicolas</createdBy>
<createdTime>2024-09-15 23:22:25 UTC</createdTime>
<ownerDesignName>Exp2_S6</ownerDesignName>
<engineerTo>
<item key="6A16248E-0BAB-082C-6C77-10AF3A5979CB" value="true"/>
</engineerTo>
<useDomainConstraints>false</useDomainConstraints>
<use>1</use>
<logicalDatatype>LOGDT024</logicalDatatype>
<dataTypeSize>10 BYTE</dataTypeSize>
<ownDataTypeParameters>10 BYTE,,</ownDataTypeParameters>
</Attribute>
</attributes>
</Entity>