<?xml version = '1.0' encoding = 'UTF-8'?>
<Entity class="oracle.dbtools.crest.model.design.logical.Entity" directorySegmentName="seg_0" id="555790E0-8419-53AF-5ED6-C42D87AEDEF1" name="SEGUIMIENTO">
<createdBy>nicolas</createdBy>
<createdTime>2024-09-15 23:47:19 UTC</createdTime>
<ownerDesignName>Exp2_S6</ownerDesignName>
<engineerTo>
<item key="6A16248E-0BAB-082C-6C77-10AF3A5979CB" value="true"/>
</engineerTo>
<adequatelyNormalized>NO</adequatelyNormalized>
<expectedVolumes>0</expectedVolumes>
<fwdEngineeringStrategyName>Single Table</fwdEngineeringStrategyName>
<growthPercent>0</growthPercent>
<growthType>Year</growthType>
<maxVolumes>9999999</maxVolumes>
<minVolumes>0</minVolumes>
<normalForm>Third</normalForm>
<attributes itemClass="oracle.dbtools.crest.model.design.logical.Attribute">
<Attribute name="cod_seguimiento" id="DEF438B1-AD78-2354-0099-1F75A382A8BD">
<createdBy>nicolas</createdBy>
<createdTime>2024-09-15 23:47:26 UTC</createdTime>
<ownerDesignName>Exp2_S6</ownerDesignName>
<engineerTo>
<item key="6A16248E-0BAB-082C-6C77-10AF3A5979CB" value="true"/>
</engineerTo>
<useDomainConstraints>false</useDomainConstraints>
<use>1</use>
<logicalDatatype>LOGDT025</logicalDatatype>
<dataTypeSize>10 BYTE</dataTypeSize>
<ownDataTypeParameters>10 BYTE,,</ownDataTypeParameters>
</Attribute>
<Attribute name="fecha" id="94E6B5C9-531B-D5DC-4B3B-83AE2881E0A7">
<createdBy>nicolas</createdBy>
<createdTime>2024-09-15 23:47:41 UTC</createdTime>
<ownerDesignName>Exp2_S6</ownerDesignName>
<engineerTo>
<item key="6A16248E-0BAB-082C-6C77-10AF3A5979CB" value="true"/>
</engineerTo>
<useDomainConstraints>false</useDomainConstraints>
<use>1</use>
<logicalDatatype>LOGDT007</logicalDatatype>
<ownDataTypeParameters>,,</ownDataTypeParameters>
</Attribute>
<Attribute name="cod_servicio" id="AA7537D0-0010-A00B-A389-4382441E8CEB">
<createdBy>nicolas</createdBy>
<createdTime>2024-09-15 23:48:06 UTC</createdTime>
<generatorID>F6815AF2-4CE5-9BEF-7AF2-95BE17457FF7</generatorID>
<ownerDesignName>Exp2_S6</ownerDesignName>
<engineerTo>
<item key="6A16248E-0BAB-082C-6C77-10AF3A5979CB" value="true"/>
</engineerTo>
<referedAttribute>935D7A83-6F76-2620-3C54-EB767B95D4C7</referedAttribute>
<useDomainConstraints>false</useDomainConstraints>
<use>1</use>
<logicalDatatype>LOGDT025</logicalDatatype>
<dataTypeSize>10 BYTE</dataTypeSize>
<ownDataTypeParameters>,,</ownDataTypeParameters>
</Attribute>
</attributes>
<identifiers itemClass="oracle.dbtools.crest.model.design.logical.CandidateKey">
<identifier id="DCDED465-EBBC-4680-A2C1-D6B24DB39A8A" name="SEGUIMIENTO PK">
<createdBy>nicolas</createdBy>
<createdTime>2024-09-15 23:47:38 UTC</createdTime>
<ownerDesignName>Exp2_S6</ownerDesignName>
<engineerTo>
<item key="6A16248E-0BAB-082C-6C77-10AF3A5979CB" value="true"/>
</engineerTo>
<pk>true</pk>
<usedAttributes>
<attributeRef>DEF438B1-AD78-2354-0099-1F75A382A8BD</attributeRef>
</usedAttributes>
</identifier>
</identifiers>
</Entity>