<?xml version = '1.0' encoding = 'UTF-8'?>
<Entity class="oracle.dbtools.crest.model.design.logical.Entity" directorySegmentName="seg_0" id="5C9FA850-7DF7-37D5-F3E9-4B5BD218B176" name="VALIDACION">
<createdBy>nicolas</createdBy>
<createdTime>2024-09-16 00:03:47 UTC</createdTime>
<ownerDesignName>Exp2_S6</ownerDesignName>
<engineerTo>
<item key="6A16248E-0BAB-082C-6C77-10AF3A5979CB" value="true"/>
</engineerTo>
<adequatelyNormalized>NO</adequatelyNormalized>
<expectedVolumes>0</expectedVolumes>
<fwdEngineeringStrategyName>Single Table</fwdEngineeringStrategyName>
<growthPercent>0</growthPercent>
<growthType>Year</growthType>
<maxVolumes>9999999</maxVolumes>
<minVolumes>0</minVolumes>
<normalForm>Third</normalForm>
<attributes itemClass="oracle.dbtools.crest.model.design.logical.Attribute">
<Attribute name="cod_validacion" id="DB088334-87DB-D40F-8C8B-E9BABD525570">
<createdBy>nicolas</createdBy>
<createdTime>2024-09-16 00:03:52 UTC</createdTime>
<ownerDesignName>Exp2_S6</ownerDesignName>
<engineerTo>
<item key="6A16248E-0BAB-082C-6C77-10AF3A5979CB" value="true"/>
</engineerTo>
<useDomainConstraints>false</useDomainConstraints>
<use>1</use>
<logicalDatatype>LOGDT025</logicalDatatype>
<dataTypeSize>10 BYTE</dataTypeSize>
<ownDataTypeParameters>10 BYTE,,</ownDataTypeParameters>
</Attribute>
<Attribute name="fecha" id="C71F50DF-09B9-DD33-CB45-D324A61F72F5">
<createdBy>nicolas</createdBy>
<createdTime>2024-09-16 00:04:20 UTC</createdTime>
<ownerDesignName>Exp2_S6</ownerDesignName>
<engineerTo>
<item key="6A16248E-0BAB-082C-6C77-10AF3A5979CB" value="true"/>
</engineerTo>
<useDomainConstraints>false</useDomainConstraints>
<use>1</use>
<logicalDatatype>LOGDT007</logicalDatatype>
<ownDataTypeParameters>,,</ownDataTypeParameters>
</Attribute>
<Attribute name="comentario" id="06F5CF0F-08F2-DCF1-1248-87F203616AFB">
<createdBy>nicolas</createdBy>
<createdTime>2024-09-16 00:53:59 UTC</createdTime>
<ownerDesignName>Exp2_S6</ownerDesignName>
<engineerTo>
<item key="6A16248E-0BAB-082C-6C77-10AF3A5979CB" value="true"/>
</engineerTo>
<useDomainConstraints>false</useDomainConstraints>
<use>1</use>
<logicalDatatype>LOGDT024</logicalDatatype>
<dataTypeSize>100 BYTE</dataTypeSize>
<ownDataTypeParameters>100 BYTE,,</ownDataTypeParameters>
</Attribute>
<Attribute name="cod_detalle" id="E2B726F8-ABBE-776D-E03B-B24AE4B36326">
<createdBy>nicolas</createdBy>
<createdTime>2024-09-16 01:02:34 UTC</createdTime>
<generatorID>992CA19B-8A74-3CE3-C56B-6CC019F95CFA</generatorID>
<ownerDesignName>Exp2_S6</ownerDesignName>
<engineerTo>
<item key="6A16248E-0BAB-082C-6C77-10AF3A5979CB" value="true"/>
</engineerTo>
<referedAttribute>8EBDD203-3262-2D72-2BD2-FEDD3A03FC11</referedAttribute>
<useDomainConstraints>false</useDomainConstraints>
<use>1</use>
<logicalDatatype>LOGDT025</logicalDatatype>
<dataTypeSize>10 BYTE</dataTypeSize>
<ownDataTypeParameters>,,</ownDataTypeParameters>
</Attribute>
</attributes>
<identifiers itemClass="oracle.dbtools.crest.model.design.logical.CandidateKey">
<identifier id="BB5D5D33-C6E4-8500-1972-462F47E882A2" name="VALIDACION PK">
<createdBy>nicolas</createdBy>
<createdTime>2024-09-16 00:04:18 UTC</createdTime>
<ownerDesignName>Exp2_S6</ownerDesignName>
<engineerTo>
<item key="6A16248E-0BAB-082C-6C77-10AF3A5979CB" value="true"/>
</engineerTo>
<pk>true</pk>
<usedAttributes>
<attributeRef>DB088334-87DB-D40F-8C8B-E9BABD525570</attributeRef>
</usedAttributes>
</identifier>
</identifiers>
</Entity>