<?xml version = '1.0' encoding = 'UTF-8'?>
<Entity class="oracle.dbtools.crest.model.design.logical.Entity" directorySegmentName="seg_0" id="EF79863F-6470-2250-FD61-8F335F92B3DA" name="ESTADO">
<createdBy>nicolas</createdBy>
<createdTime>2024-09-16 00:00:52 UTC</createdTime>
<ownerDesignName>Exp2_S6</ownerDesignName>
<engineerTo>
<item key="6A16248E-0BAB-082C-6C77-10AF3A5979CB" value="true"/>
</engineerTo>
<adequatelyNormalized>NO</adequatelyNormalized>
<expectedVolumes>0</expectedVolumes>
<fwdEngineeringStrategyName>Single Table</fwdEngineeringStrategyName>
<growthPercent>0</growthPercent>
<growthType>Year</growthType>
<maxVolumes>9999999</maxVolumes>
<minVolumes>0</minVolumes>
<normalForm>Third</normalForm>
<attributes itemClass="oracle.dbtools.crest.model.design.logical.Attribute">
<Attribute name="cod_estado" id="A3BA996F-9867-0D8F-2B15-32676AC81FC3">
<createdBy>nicolas</createdBy>
<createdTime>2024-09-16 00:00:58 UTC</createdTime>
<ownerDesignName>Exp2_S6</ownerDesignName>
<engineerTo>
<item key="6A16248E-0BAB-082C-6C77-10AF3A5979CB" value="true"/>
</engineerTo>
<useDomainConstraints>false</useDomainConstraints>
<use>1</use>
<logicalDatatype>LOGDT025</logicalDatatype>
<dataTypeSize>10 BYTE</dataTypeSize>
<ownDataTypeParameters>10 BYTE,,</ownDataTypeParameters>
</Attribute>
<Attribute name="estado" id="FB39556A-DA93-3C9C-E9AE-7E5F6E02B875">
<createdBy>nicolas</createdBy>
<createdTime>2024-09-16 00:01:27 UTC</createdTime>
<ownerDesignName>Exp2_S6</ownerDesignName>
<engineerTo>
<item key="6A16248E-0BAB-082C-6C77-10AF3A5979CB" value="true"/>
</engineerTo>
<useDomainConstraints>false</useDomainConstraints>
<use>1</use>
<logicalDatatype>LOGDT025</logicalDatatype>
<dataTypeSize>3 BYTE</dataTypeSize>
<ownDataTypeParameters>3 BYTE,,</ownDataTypeParameters>
</Attribute>
<Attribute name="cod_seguimiento" id="53854D2D-219C-68E6-9A50-DA338FB10443">
<createdBy>nicolas</createdBy>
<createdTime>2024-09-16 01:22:11 UTC</createdTime>
<generatorID>2A44DEB7-9D6B-3CBA-CEB6-2F15185A9C40</generatorID>
<ownerDesignName>Exp2_S6</ownerDesignName>
<engineerTo>
<item key="6A16248E-0BAB-082C-6C77-10AF3A5979CB" value="true"/>
</engineerTo>
<referedAttribute>DEF438B1-AD78-2354-0099-1F75A382A8BD</referedAttribute>
<useDomainConstraints>false</useDomainConstraints>
<use>1</use>
<logicalDatatype>LOGDT025</logicalDatatype>
<dataTypeSize>10 BYTE</dataTypeSize>
<ownDataTypeParameters>,,</ownDataTypeParameters>
</Attribute>
</attributes>
<identifiers itemClass="oracle.dbtools.crest.model.design.logical.CandidateKey">
<identifier id="2094B3F1-159A-1FDB-1871-642D779FC5C3" name="ESTADO PK">
<createdBy>nicolas</createdBy>
<createdTime>2024-09-16 00:01:18 UTC</createdTime>
<ownerDesignName>Exp2_S6</ownerDesignName>
<engineerTo>
<item key="6A16248E-0BAB-082C-6C77-10AF3A5979CB" value="true"/>
</engineerTo>
<pk>true</pk>
<usedAttributes>
<attributeRef>A3BA996F-9867-0D8F-2B15-32676AC81FC3</attributeRef>
</usedAttributes>
</identifier>
</identifiers>
</Entity>