<?xml version = '1.0' encoding = 'UTF-8'?>
<Diagram class="oracle.dbtools.crest.swingui.relational.DPVRelational" name="Relational_1" id="53F7696A-3084-A7BB-26A8-0652CC5D19FB">
<createdBy>nicolas</createdBy>
<modifiedBy>nicolas</modifiedBy>
<createdTime>2024-09-15 23:44:02 UTC</createdTime>
<autoRoute>false</autoRoute>
<boxInbox>true</boxInbox>
<showLegend>false</showLegend>
<showLabels>false</showLabels>
<showRelAttributes>false</showRelAttributes>
<gridEnabled>true</gridEnabled>
<showGrid>true</showGrid>
<diagramColor>-1</diagramColor>
<display>false</display>
<notation>1</notation>
<objectViews>
<OView class="oracle.dbtools.crest.swingui.relational.TVTable" oid="027BEDE8-B823-B156-C191-FD10D225E186" otype="Table" vid="312F817A-3B30-2A59-3198-91C2F6E2236F">
<hideElementsInCurrentOnly>false</hideElementsInCurrentOnly>
<bounds x="630" y="10" width="235" height="104"/>
</OView>
<OView class="oracle.dbtools.crest.swingui.relational.TVTable" oid="031D37E1-BBED-1DFC-249C-C3CA32299055" otype="Table" vid="1E30BF5B-6242-1B37-784B-8B28CE86EEFB">
<hideElementsInCurrentOnly>false</hideElementsInCurrentOnly>
<bounds x="630" y="150" width="231" height="111"/>
</OView>
<OView class="oracle.dbtools.crest.swingui.relational.TVTable" oid="263DD194-2569-D69F-BF76-E1612A9AF42D" otype="Table" vid="5E559FD1-F9C1-478C-E8A3-80C6ADF09C97">
<hideElementsInCurrentOnly>false</hideElementsInCurrentOnly>
<bounds x="1460" y="700" width="371" height="131"/>
</OView>
<OView class="oracle.dbtools.crest.swingui.relational.TVTable" oid="3172C932-71A7-B861-AF19-CD34FE7F4559" otype="Table" vid="3A4E38EC-FB50-CE5B-0BBC-C2A940763B5B">
<hideElementsInCurrentOnly>false</hideElementsInCurrentOnly>
<bounds x="90" y="800" width="301" height="81"/>
</OView>
<OView class="oracle.dbtools.crest.swingui.relational.TVTable" oid="3C181536-88C9-993A-96D8-5C1D1FDE87AC" otype="Table" vid="5DF9B01A-7512-9BB2-7C0A-E67976739694">
<hideElementsInCurrentOnly>false</hideElementsInCurrentOnly>
<bounds x="1030" y="290" width="291" height="131"/>
</OView>
<OView class="oracle.dbtools.crest.swingui.relational.TVTable" oid="4FE463D8-B073-2EBE-8C08-6F65B338CB43" otype="Table" vid="964B6075-4480-2075-CCF0-326899D3C5BA">
<hideElementsInCurrentOnly>false</hideElementsInCurrentOnly>
<bounds x="1470" y="480" width="331" height="151"/>
</OView>
<OView class="oracle.dbtools.crest.swingui.relational.TVTable" oid="9E089174-32F1-8C1D-9A64-031C485F3591" otype="Table" vid="4C29B6DE-4087-8D65-626C-5FCAF460A493">
<hideElementsInCurrentOnly>false</hideElementsInCurrentOnly>
<bounds x="590" y="740" width="321" height="111"/>
</OView>
<OView class="oracle.dbtools.crest.swingui.relational.TVTable" oid="AA484B4B-FC26-67F8-674A-D3FE206A700F" otype="Table" vid="9AB2B5B6-D77E-FC33-0499-806E64B0C8F6">
<hideElementsInCurrentOnly>false</hideElementsInCurrentOnly>
<bounds x="430" y="290" width="351" height="150"/>
</OView>
<OView class="oracle.dbtools.crest.swingui.relational.TVTable" oid="B1F96C35-4898-8DD4-8403-681BEEAF7553" otype="Table" vid="CC629B81-3627-0437-270A-E8AAA012E4E0">
<hideElementsInCurrentOnly>false</hideElementsInCurrentOnly>
<bounds x="1050" y="70" width="251" height="121"/>
</OView>
<OView class="oracle.dbtools.crest.swingui.relational.TVTable" oid="BC1BBF99-A5FA-8066-221F-55A0EA24854B" otype="Table" vid="8F3A042D-5133-A93A-4CCB-E6040AE957E0">
<hideElementsInCurrentOnly>false</hideElementsInCurrentOnly>
<bounds x="90" y="550" width="301" height="171"/>
</OView>
<OView class="oracle.dbtools.crest.swingui.relational.TVTable" oid="C6FA80A5-1951-8E60-2354-D8CE65012547" otype="Table" vid="981E1337-E889-DD95-54AE-2ABCB6BF62CF">
<hideElementsInCurrentOnly>false</hideElementsInCurrentOnly>
<bounds x="1020" y="740" width="312" height="111"/>
</OView>
<OView class="oracle.dbtools.crest.swingui.relational.TVTable" oid="C8B290FA-F330-6409-1E25-18059F9C9BBA" otype="Table" vid="4C142FE7-2D44-21D8-1EEB-2C6960C46BF9">
<hideElementsInCurrentOnly>false</hideElementsInCurrentOnly>
<bounds x="90" y="280" width="301" height="191"/>
</OView>
<OView class="oracle.dbtools.crest.swingui.relational.TVTable" oid="E314D756-1734-CCAA-E6DE-57C431421048" otype="Table" vid="0BC68A6C-03C8-7B8B-16C7-309981023B6A">
<hideElementsInCurrentOnly>false</hideElementsInCurrentOnly>
<bounds x="90" y="40" width="301" height="172"/>
</OView>
<OView class="oracle.dbtools.crest.swingui.relational.TVTable" oid="EDFD8089-B065-69A7-167A-194FB58538FB" otype="Table" vid="F3732CCE-36E2-B4FB-F547-107A020B93D9">
<hideElementsInCurrentOnly>false</hideElementsInCurrentOnly>
<bounds x="1470" y="320" width="331" height="91"/>
</OView>
<OView class="oracle.dbtools.crest.swingui.relational.TVTable" oid="F0F45D6C-7E35-5E37-D088-32034D42B932" otype="Table" vid="975E7D29-EB01-6F25-A98D-2C10633749D9">
<hideElementsInCurrentOnly>false</hideElementsInCurrentOnly>
<bounds x="990" y="510" width="371" height="122"/>
</OView>
</objectViews>
<connectors>
<Connector class="oracle.dbtools.crest.swingui.relational.TVFKRelation" oid="0044CBB9-8E5F-BC49-A190-2FFCC8F2715D" otype="FKIndexAssociation" vid_source="CC629B81-3627-0437-270A-E8AAA012E4E0" vid_target="5DF9B01A-7512-9BB2-7C0A-E67976739694">
<hideElementsInCurrentOnly>false</hideElementsInCurrentOnly>
<backgroundColor>-16777216</backgroundColor>
<lineWidth>1</lineWidth>
<points>
<point x="1175" y="191"/>
<point x="1175" y="290"/>
</points>
</Connector>
<Connector class="oracle.dbtools.crest.swingui.relational.TVFKRelation" oid="1AB39C12-4D51-CB42-0998-8A4AE7DEAACB" otype="FKIndexAssociation" vid_source="5E559FD1-F9C1-478C-E8A3-80C6ADF09C97" vid_target="964B6075-4480-2075-CCF0-326899D3C5BA">
<hideElementsInCurrentOnly>false</hideElementsInCurrentOnly>
<backgroundColor>-16777216</backgroundColor>
<lineWidth>1</lineWidth>
<points>
<point x="1635" y="700"/>
<point x="1635" y="631"/>
</points>
</Connector>
<Connector class="oracle.dbtools.crest.swingui.relational.TVFKRelation" oid="1AB49B6E-1242-66E0-B3FF-350EA61D2939" otype="FKIndexAssociation" vid_source="5DF9B01A-7512-9BB2-7C0A-E67976739694" vid_target="9AB2B5B6-D77E-FC33-0499-806E64B0C8F6">
<hideElementsInCurrentOnly>false</hideElementsInCurrentOnly>
<backgroundColor>-16777216</backgroundColor>
<lineWidth>1</lineWidth>
<points>
<point x="1030" y="355"/>
<point x="781" y="355"/>
</points>
</Connector>
<Connector class="oracle.dbtools.crest.swingui.relational.TVFKRelation" oid="1F2A4189-2C6A-F6C2-7038-68EC2BD0B572" otype="FKIndexAssociation" vid_source="981E1337-E889-DD95-54AE-2ABCB6BF62CF" vid_target="4C29B6DE-4087-8D65-626C-5FCAF460A493">
<hideElementsInCurrentOnly>false</hideElementsInCurrentOnly>
<backgroundColor>-16777216</backgroundColor>
<lineWidth>1</lineWidth>
<points>
<point x="1020" y="795"/>
<point x="911" y="795"/>
</points>
</Connector>
<Connector class="oracle.dbtools.crest.swingui.relational.TVFKRelation" oid="231FC0C7-ED55-8C43-4A04-981485B59471" otype="FKIndexAssociation" vid_source="4C142FE7-2D44-21D8-1EEB-2C6960C46BF9" vid_target="0BC68A6C-03C8-7B8B-16C7-309981023B6A">
<hideElementsInCurrentOnly>false</hideElementsInCurrentOnly>
<backgroundColor>-16777216</backgroundColor>
<lineWidth>1</lineWidth>
<points>
<point x="240" y="280"/>
<point x="240" y="212"/>
</points>
</Connector>
<Connector class="oracle.dbtools.crest.swingui.relational.TVFKRelation" oid="271A709D-B37A-E7B5-E7D4-1B1F7FBE673C" otype="FKIndexAssociation" vid_source="975E7D29-EB01-6F25-A98D-2C10633749D9" vid_target="981E1337-E889-DD95-54AE-2ABCB6BF62CF">
<hideElementsInCurrentOnly>false</hideElementsInCurrentOnly>
<backgroundColor>-16777216</backgroundColor>
<lineWidth>1</lineWidth>
<points>
<point x="1176" y="632"/>
<point x="1176" y="740"/>
</points>
</Connector>
<Connector class="oracle.dbtools.crest.swingui.relational.TVFKRelation" oid="34FA166D-F6E6-39EC-4726-37218EFF385E" otype="FKIndexAssociation" vid_source="0BC68A6C-03C8-7B8B-16C7-309981023B6A" vid_target="1E30BF5B-6242-1B37-784B-8B28CE86EEFB">
<hideElementsInCurrentOnly>false</hideElementsInCurrentOnly>
<backgroundColor>-16777216</backgroundColor>
<lineWidth>1</lineWidth>
<points>
<point x="391" y="181"/>
<point x="630" y="181"/>
</points>
</Connector>
<Connector class="oracle.dbtools.crest.swingui.relational.TVFKRelation" oid="3B16F732-C413-776B-3F4F-D1925F68038B" otype="FKIndexAssociation" vid_source="8F3A042D-5133-A93A-4CCB-E6040AE957E0" vid_target="4C142FE7-2D44-21D8-1EEB-2C6960C46BF9">
<hideElementsInCurrentOnly>false</hideElementsInCurrentOnly>
<backgroundColor>-16777216</backgroundColor>
<lineWidth>1</lineWidth>
<points>
<point x="240" y="550"/>
<point x="240" y="471"/>
</points>
</Connector>
<Connector class="oracle.dbtools.crest.swingui.relational.TVFKRelation" oid="4B5762DA-F58E-6407-D7DB-5B862F8F45ED" otype="FKIndexAssociation" vid_source="3A4E38EC-FB50-CE5B-0BBC-C2A940763B5B" vid_target="8F3A042D-5133-A93A-4CCB-E6040AE957E0">
<hideElementsInCurrentOnly>false</hideElementsInCurrentOnly>
<backgroundColor>-16777216</backgroundColor>
<lineWidth>1</lineWidth>
<points>
<point x="240" y="800"/>
<point x="240" y="721"/>
</points>
</Connector>
<Connector class="oracle.dbtools.crest.swingui.relational.TVFKRelation" oid="4C60E528-A33A-7F3E-B9B3-8B3D68286B35" otype="FKIndexAssociation" vid_source="964B6075-4480-2075-CCF0-326899D3C5BA" vid_target="5E559FD1-F9C1-478C-E8A3-80C6ADF09C97">
<hideElementsInCurrentOnly>false</hideElementsInCurrentOnly>
<backgroundColor>-16777216</backgroundColor>
<lineWidth>1</lineWidth>
<points>
<point x="1650" y="631"/>
<point x="1650" y="700"/>
</points>
</Connector>
<Connector class="oracle.dbtools.crest.swingui.relational.TVFKRelation" oid="5E38A456-9AD6-587E-281E-791069B9E75A" otype="FKIndexAssociation" vid_source="975E7D29-EB01-6F25-A98D-2C10633749D9" vid_target="5DF9B01A-7512-9BB2-7C0A-E67976739694">
<hideElementsInCurrentOnly>false</hideElementsInCurrentOnly>
<backgroundColor>-16777216</backgroundColor>
<lineWidth>1</lineWidth>
<points>
<point x="1175" y="510"/>
<point x="1175" y="421"/>
</points>
</Connector>
<Connector class="oracle.dbtools.crest.swingui.relational.TVFKRelation" oid="676ECD1F-D0B1-6D8C-5B90-46CD688365B3" otype="FKIndexAssociation" vid_source="F3732CCE-36E2-B4FB-F547-107A020B93D9" vid_target="964B6075-4480-2075-CCF0-326899D3C5BA">
<hideElementsInCurrentOnly>false</hideElementsInCurrentOnly>
<backgroundColor>-16777216</backgroundColor>
<lineWidth>1</lineWidth>
<points>
<point x="1635" y="411"/>
<point x="1635" y="480"/>
</points>
</Connector>
<Connector class="oracle.dbtools.crest.swingui.relational.TVFKRelation" oid="71F54676-E1EB-6ED0-BCAC-1119952A5F7F" otype="FKIndexAssociation" vid_source="0BC68A6C-03C8-7B8B-16C7-309981023B6A" vid_target="CC629B81-3627-0437-270A-E8AAA012E4E0">
<hideElementsInCurrentOnly>false</hideElementsInCurrentOnly>
<backgroundColor>-16777216</backgroundColor>
<lineWidth>1</lineWidth>
<points>
<point x="391" y="130"/>
<point x="1050" y="130"/>
</points>
</Connector>
<Connector class="oracle.dbtools.crest.swingui.relational.TVFKRelation" oid="8D05A674-8FEF-C83E-4B16-861790F611CD" otype="FKIndexAssociation" vid_source="964B6075-4480-2075-CCF0-326899D3C5BA" vid_target="975E7D29-EB01-6F25-A98D-2C10633749D9">
<hideElementsInCurrentOnly>false</hideElementsInCurrentOnly>
<backgroundColor>-16777216</backgroundColor>
<lineWidth>1</lineWidth>
<points>
<point x="1470" y="569"/>
<point x="1430" y="569"/>
<point x="1361" y="569"/>
</points>
</Connector>
<Connector class="oracle.dbtools.crest.swingui.relational.TVFKRelation" oid="A75C5C6F-3839-A082-D8D0-1CC7EDB05C49" otype="FKIndexAssociation" vid_source="4C142FE7-2D44-21D8-1EEB-2C6960C46BF9" vid_target="8F3A042D-5133-A93A-4CCB-E6040AE957E0">
<hideElementsInCurrentOnly>false</hideElementsInCurrentOnly>
<backgroundColor>-16777216</backgroundColor>
<lineWidth>1</lineWidth>
<points>
<point x="270" y="471"/>
<point x="270" y="550"/>
</points>
</Connector>
<Connector class="oracle.dbtools.crest.swingui.relational.TVFKRelation" oid="C35F5D35-AE23-5E6F-D0DC-95AAC8260584" otype="FKIndexAssociation" vid_source="0BC68A6C-03C8-7B8B-16C7-309981023B6A" vid_target="312F817A-3B30-2A59-3198-91C2F6E2236F">
<hideElementsInCurrentOnly>false</hideElementsInCurrentOnly>
<backgroundColor>-16777216</backgroundColor>
<lineWidth>1</lineWidth>
<points>
<point x="391" y="77"/>
<point x="630" y="77"/>
</points>
</Connector>
</connectors>
<arcs>
<Arc class="oracle.dbtools.crest.swingui.relational.TVFKArc" oid="0DC5549D-6706-EA52-E915-F8BCBAB4622F" otype="FKArc" vid="CF262ECE-E84E-CA13-5AB1-97A53FA14743">
<hideElementsInCurrentOnly>false</hideElementsInCurrentOnly>
<bounds x="70" y="20" width="341" height="212"/>
</Arc>
</arcs>
</Diagram>