<?xml version = '1.0' encoding = 'UTF-8'?>
<Relation class="oracle.dbtools.crest.model.design.logical.Relation" name="Relation_7" directorySegmentName="seg_0" id="23132C47-5A45-3AC2-6474-D4DCAA798D85">
<createdBy>nicolas</createdBy>
<createdTime>2024-09-15 23:45:03 UTC</createdTime>
<ownerDesignName>Exp2_S6</ownerDesignName>
<engineerTo>
<item key="6A16248E-0BAB-082C-6C77-10AF3A5979CB" value="true"/>
</engineerTo>
<sourcePk>A7778CFB-3614-48B8-C943-08D5A78C6355</sourcePk>
<identifying>false</identifying>
<optionalSource>false</optionalSource>
<optionalTarget>true</optionalTarget>
<sourceCardinality>1</sourceCardinality>
<sourceEntity>696402CA-6AF3-A7D7-2086-4AD4D2C172BD</sourceEntity>
<targetCardinalityString>*</targetCardinalityString>
<targetEntity>3234C225-FAFD-AB3E-8B3B-9A62A1FA61EF</targetEntity>
<transferable>true</transferable>
<deleteRule>NO ACTION</deleteRule>
</Relation>