<?xml version = '1.0' encoding = 'UTF-8'?>
<Relation class="oracle.dbtools.crest.model.design.logical.Relation" name="Relation_14" directorySegmentName="seg_0" id="2A44DEB7-9D6B-3CBA-CEB6-2F15185A9C40">
<createdBy>nicolas</createdBy>
<createdTime>2024-09-16 00:02:02 UTC</createdTime>
<ownerDesignName>Exp2_S6</ownerDesignName>
<engineerTo>
<item key="6A16248E-0BAB-082C-6C77-10AF3A5979CB" value="true"/>
</engineerTo>
<sourcePk>DCDED465-EBBC-4680-A2C1-D6B24DB39A8A</sourcePk>
<targetPk>2094B3F1-159A-1FDB-1871-642D779FC5C3</targetPk>
<identifying>false</identifying>
<optionalSource>false</optionalSource>
<optionalTarget>false</optionalTarget>
<sourceCardinality>1</sourceCardinality>
<sourceEntity>555790E0-8419-53AF-5ED6-C42D87AEDEF1</sourceEntity>
<targetCardinalityString>*</targetCardinalityString>
<targetEntity>EF79863F-6470-2250-FD61-8F335F92B3DA</targetEntity>
<transferable>true</transferable>
<deleteRule>NO ACTION</deleteRule>
</Relation>