<?xml version = '1.0' encoding = 'UTF-8'?>
<Relation class="oracle.dbtools.crest.model.design.logical.Relation" name="Relation_12" directorySegmentName="seg_0" id="4AA910A3-A788-A482-13D9-2ABF1127BAC5">
<createdBy>nicolas</createdBy>
<createdTime>2024-09-15 23:55:00 UTC</createdTime>
<ownerDesignName>Exp2_S6</ownerDesignName>
<engineerTo>
<item key="6A16248E-0BAB-082C-6C77-10AF3A5979CB" value="true"/>
</engineerTo>
<sourcePk>0E05EA5F-85F2-6AE4-3936-5212B11802C5</sourcePk>
<targetPk>0DA6597D-A9CB-EA37-3279-C84D1EB08DAA</targetPk>
<identifying>false</identifying>
<optionalSource>false</optionalSource>
<optionalTarget>false</optionalTarget>
<sourceCardinality>1</sourceCardinality>
<sourceEntity>A1969570-D3A2-A54C-CC3A-0E0A1E64DB21</sourceEntity>
<targetCardinalityString>1</targetCardinalityString>
<targetEntity>3A641872-7D7F-5EAC-4D7E-4B91D6D01721</targetEntity>
<transferable>true</transferable>
<deleteRule>NO ACTION</deleteRule>
</Relation>