<?xml version = '1.0' encoding = 'UTF-8'?>
<Relation class="oracle.dbtools.crest.model.design.logical.Relation" name="Relation_11" directorySegmentName="seg_0" id="625D7FDB-0D26-2E08-4ADB-86F4ACC476C3">
<createdBy>nicolas</createdBy>
<createdTime>2024-09-15 23:53:59 UTC</createdTime>
<ownerDesignName>Exp2_S6</ownerDesignName>
<engineerTo>
<item key="6A16248E-0BAB-082C-6C77-10AF3A5979CB" value="true"/>
</engineerTo>
<sourcePk>D0915B70-CC71-632B-4122-EF944C7B28D5</sourcePk>
<identifying>false</identifying>
<optionalSource>false</optionalSource>
<optionalTarget>true</optionalTarget>
<sourceCardinality>1</sourceCardinality>
<sourceEntity>2B15F4BF-1248-5290-D281-E909896B9FC1</sourceEntity>
<targetCardinalityString>*</targetCardinalityString>
<targetEntity>3A641872-7D7F-5EAC-4D7E-4B91D6D01721</targetEntity>
<transferable>true</transferable>
<deleteRule>NO ACTION</deleteRule>
</Relation>