<?xml version = '1.0' encoding = 'UTF-8'?>
<Relation class="oracle.dbtools.crest.model.design.logical.Relation" name="Relation_6" directorySegmentName="seg_0" id="68BB430F-882C-A96E-E88A-20C37A75F74D">
<createdBy>nicolas</createdBy>
<createdTime>2024-09-15 23:43:04 UTC</createdTime>
<ownerDesignName>Exp2_S6</ownerDesignName>
<engineerTo>
<item key="6A16248E-0BAB-082C-6C77-10AF3A5979CB" value="true"/>
</engineerTo>
<sourcePk>2555B08D-E394-4140-7ED4-A43785686457</sourcePk>
<identifying>false</identifying>
<optionalSource>false</optionalSource>
<optionalTarget>false</optionalTarget>
<sourceCardinality>1</sourceCardinality>
<sourceEntity>0CC33CA1-B756-FFB3-4189-339AA04CD0B1</sourceEntity>
<targetCardinalityString>*</targetCardinalityString>
<targetEntity>DE261E74-91E3-FC0B-1EC6-CE14711BF22E</targetEntity>
<transferable>true</transferable>
<deleteRule>NO ACTION</deleteRule>
</Relation>