<?xml version = '1.0' encoding = 'UTF-8'?>
<Relation class="oracle.dbtools.crest.model.design.logical.Relation" name="Relation_13" directorySegmentName="seg_0" id="98A19749-40FA-AA19-FA3D-C584E96A1B4C">
<createdBy>nicolas</createdBy>
<createdTime>2024-09-15 23:57:58 UTC</createdTime>
<ownerDesignName>Exp2_S6</ownerDesignName>
<engineerTo>
<item key="6A16248E-0BAB-082C-6C77-10AF3A5979CB" value="true"/>
</engineerTo>
<sourcePk>0DA6597D-A9CB-EA37-3279-C84D1EB08DAA</sourcePk>
<identifying>false</identifying>
<optionalSource>false</optionalSource>
<optionalTarget>false</optionalTarget>
<sourceCardinality>1</sourceCardinality>
<sourceEntity>3A641872-7D7F-5EAC-4D7E-4B91D6D01721</sourceEntity>
<targetCardinalityString>*</targetCardinalityString>
<targetEntity>1C21AB73-49D7-410E-6E87-AF410AADB994</targetEntity>
<transferable>true</transferable>
<deleteRule>NO ACTION</deleteRule>
</Relation>