<?xml version = '1.0' encoding = 'UTF-8'?>
<Relation class="oracle.dbtools.crest.model.design.logical.Relation" name="Relation_15" directorySegmentName="seg_0" id="992CA19B-8A74-3CE3-C56B-6CC019F95CFA">
<createdBy>nicolas</createdBy>
<createdTime>2024-09-16 01:02:25 UTC</createdTime>
<ownerDesignName>Exp2_S6</ownerDesignName>
<engineerTo>
<item key="6A16248E-0BAB-082C-6C77-10AF3A5979CB" value="true"/>
</engineerTo>
<sourcePk>BB5D5D33-C6E4-8500-1972-462F47E882A2</sourcePk>
<targetPk>DA733FB6-4D5B-94D1-F4E8-170D2EC03BD2</targetPk>
<identifying>false</identifying>
<optionalSource>false</optionalSource>
<optionalTarget>true</optionalTarget>
<sourceCardinality>1</sourceCardinality>
<sourceEntity>5C9FA850-7DF7-37D5-F3E9-4B5BD218B176</sourceEntity>
<targetCardinalityString>1</targetCardinalityString>
<targetEntity>3234C225-FAFD-AB3E-8B3B-9A62A1FA61EF</targetEntity>
<transferable>true</transferable>
<deleteRule>NO ACTION</deleteRule>
</Relation>