<?xml version = '1.0' encoding = 'UTF-8'?>
<Relation class="oracle.dbtools.crest.model.design.logical.Relation" name="Relation_3" directorySegmentName="seg_0" id="9C0F0F5D-E821-8072-51A1-5F8E79683DED">
<createdBy>nicolas</createdBy>
<createdTime>2024-09-15 23:40:34 UTC</createdTime>
<ownerDesignName>Exp2_S6</ownerDesignName>
<engineerTo>
<item key="6A16248E-0BAB-082C-6C77-10AF3A5979CB" value="true"/>
</engineerTo>
<sourcePk>A68E02BA-E835-7408-FE5C-B81E3ADEC789</sourcePk>
<identifying>false</identifying>
<optionalSource>false</optionalSource>
<optionalTarget>false</optionalTarget>
<sourceCardinality>1</sourceCardinality>
<sourceEntity>3D10B7D5-F260-A0AE-586D-6E4B9E1B89DF</sourceEntity>
<targetCardinalityString>*</targetCardinalityString>
<targetEntity>56C59530-0AEA-C24D-A061-75096347F0F9</targetEntity>
<transferable>true</transferable>
<deleteRule>NO ACTION</deleteRule>
</Relation>