<?xml version = '1.0' encoding = 'UTF-8'?>
<Relation class="oracle.dbtools.crest.model.design.logical.Relation" name="Relation_5" directorySegmentName="seg_0" id="D8742625-11AE-B469-2694-93ABD5232C12">
<createdBy>nicolas</createdBy>
<createdTime>2024-09-15 23:42:23 UTC</createdTime>
<ownerDesignName>Exp2_S6</ownerDesignName>
<engineerTo>
<item key="6A16248E-0BAB-082C-6C77-10AF3A5979CB" value="true"/>
</engineerTo>
<sourcePk>A68E02BA-E835-7408-FE5C-B81E3ADEC789</sourcePk>
<targetPk>63C8ABB6-F80B-F056-F2A4-9AEEFE2D4CF1</targetPk>
<identifying>false</identifying>
<optionalSource>false</optionalSource>
<optionalTarget>false</optionalTarget>
<sourceCardinality>1</sourceCardinality>
<sourceEntity>3D10B7D5-F260-A0AE-586D-6E4B9E1B89DF</sourceEntity>
<targetCardinalityString>1</targetCardinalityString>
<targetEntity>DE261E74-91E3-FC0B-1EC6-CE14711BF22E</targetEntity>
<transferable>true</transferable>
<deleteRule>NO ACTION</deleteRule>
</Relation>