<?xml version = '1.0' encoding = 'UTF-8'?>
<Relation class="oracle.dbtools.crest.model.design.logical.Relation" name="Relation_9" directorySegmentName="seg_0" id="F6815AF2-4CE5-9BEF-7AF2-95BE17457FF7">
<createdBy>nicolas</createdBy>
<createdTime>2024-09-15 23:48:06 UTC</createdTime>
<ownerDesignName>Exp2_S6</ownerDesignName>
<engineerTo>
<item key="6A16248E-0BAB-082C-6C77-10AF3A5979CB" value="true"/>
</engineerTo>
<sourcePk>3582989D-31ED-4E0A-DD51-FCBCA0414DBA</sourcePk>
<identifying>false</identifying>
<optionalSource>false</optionalSource>
<optionalTarget>false</optionalTarget>
<sourceCardinality>1</sourceCardinality>
<sourceEntity>1C21AB73-49D7-410E-6E87-AF410AADB994</sourceEntity>
<targetCardinalityString>*</targetCardinalityString>
<targetEntity>555790E0-8419-53AF-5ED6-C42D87AEDEF1</targetEntity>
<transferable>true</transferable>
<deleteRule>NO ACTION</deleteRule>
</Relation>