<?xml version = '1.0' encoding = 'UTF-8'?>
<Relation class="oracle.dbtools.crest.model.design.logical.Relation" name="Relation_4" directorySegmentName="seg_0" id="FB5B52B1-9D71-D3D0-10C1-EFC249B87747">
<createdBy>nicolas</createdBy>
<createdTime>2024-09-15 23:41:06 UTC</createdTime>
<ownerDesignName>Exp2_S6</ownerDesignName>
<engineerTo>
<item key="6A16248E-0BAB-082C-6C77-10AF3A5979CB" value="true"/>
</engineerTo>
<sourcePk>F2E8EC3B-29DC-4A71-F5A3-3D9FDBA88EBF</sourcePk>
<identifying>false</identifying>
<optionalSource>false</optionalSource>
<optionalTarget>false</optionalTarget>
<sourceCardinality>1</sourceCardinality>
<sourceEntity>56C59530-0AEA-C24D-A061-75096347F0F9</sourceEntity>
<targetCardinalityString>*</targetCardinalityString>
<targetEntity>696402CA-6AF3-A7D7-2086-4AD4D2C172BD</targetEntity>
<transferable>true</transferable>
<deleteRule>NO ACTION</deleteRule>
</Relation>